rank,user,pagerank,betweenness,norm_indegree,in_degree,out_degree,composite,core_number,mean_sentiment,n_posts
1,innat,0.0142923642507649,0.029870501923536033,1.0,51,26,0.31467809627736676,8,0.20612118644067795,236
2,fchollet,0.029947952183804298,0.09502171727552301,0.8431372549019608,43,207,0.29342687252676686,8,0.31061137820512824,624
3,drasmuss,0.005023285891227234,0.01427801082754324,0.5098039215686274,26,1,0.15923389407534208,8,0.10712564102564102,39
4,pure-rgb,0.0035128465296384785,0.0042406389854021485,0.4117647058823529,21,1,0.1262067420721819,8,0.11141090909090909,55
5,AGFACBNNR,0.003445610111320181,0.00025678699485078054,0.39215686274509803,20,2,0.11910233896651272,8,-0.09096046511627907,43
6,pass-lin,0.0029958440744187373,0.00023764092456298534,0.37254901960784315,19,1,0.11303433578948933,8,0.2249979591836735,49
7,LarsKue,0.0035629826854680605,0.0029416801213366602,0.3333333333333333,17,2,0.10230769711058821,8,0.20468000000000003,40
8,martin-gorner,0.0017464646660521783,0.0006177360210353859,0.27450980392156865,14,4,0.08323684784920207,8,0.11450882352941176,34
9,edwardyehuang,0.006332593468222454,0.019899230432009158,0.23529411764705882,12,3,0.07909104181100937,7,0.016865714285714293,35
10,dryglicki,0.0031208571061064182,0.004505649873879728,0.2549019607843137,13,6,0.0790706260399006,7,-0.03215999999999999,40
11,amadhan882,0.002547105378779454,0.004503368453196513,0.2549019607843137,13,2,0.07884044092276485,6,0.12683653846153845,52
12,lbortolotti,0.002797787516752364,0.00023643189282408417,0.2549019607843137,13,1,0.07766063280984228,8,0.41595185185185185,27
13,MathiesW,0.001849941818133045,0.0,0.23529411764705882,12,0,0.07132821202137087,7,0.12034375,16
14,mattdangerw,0.003227152511386008,0.015611203895156849,0.21568627450980393,11,62,0.07068010452604265,8,0.4329805369127517,149
15,emi-dm,0.004146466485565659,0.0022919285626085656,0.19607843137254902,10,5,0.06116969457477354,8,0.21299090909090912,44
16,foxik,0.0022602675423014965,0.002960507607348729,0.19607843137254902,10,5,0.06061578871088992,8,0.2532142857142857,21
17,ageron,0.0017506739306725886,0.0,0.19607843137254902,10,0,0.05952379898403374,7,0.45375000000000004,18
18,Zhaopudark,0.0016231516135132129,0.0,0.19607843137254902,10,0,0.05947279005716999,6,0.09813333333333334,12
19,roebel,0.0013966014880096324,0.0,0.19607843137254902,10,0,0.059382170006968556,6,0.23416923076923077,26
20,jvishnuvardhan,0.001617078189755569,0.00861593246241293,0.17647058823529413,9,46,0.05617278748521434,8,0.5545255319148936,94
21,old-school-kid,0.001511389900556699,0.008087776213575633,0.17647058823529413,9,23,0.055972065294883605,8,0.2910173913043478,46
22,chenmoneygithub,0.002120308155055027,0.004423317755759936,0.17647058823529413,9,15,0.055116295059338224,7,0.4212711111111111,45
23,shkarupa-alex,0.0013408088575745164,0.00423024156459186,0.17647058823529413,9,4,0.0547465724829956,7,0.11347812500000001,32
24,sayakpaul,0.002515450235517438,0.0010971671803904303,0.17647058823529413,9,2,0.05427650671891234,7,0.36789999999999995,24
25,Isa-Fay,0.0021722466982262005,0.0,0.17647058823529413,9,0,0.05381007514987871,5,-0.12959,10
26,ILCSFNO,0.002003313816470445,0.0,0.17647058823529413,9,0,0.053742501997176416,6,0.3341285714285714,28
27,DLumi,0.0018233243269448066,7.571892204212769e-06,0.17647058823529413,9,1,0.05367277776902742,6,-0.149968,25
28,markub3327,0.0016473468643015334,0.0,0.17647058823529413,9,0,0.05360011521630885,6,0.4956,24
29,dkgaraujo,0.0014201911387498587,0.0,0.17647058823529413,9,0,0.05350925292608818,7,0.034668000000000004,25
30,ghost,0.0012968532579372613,0.0,0.17647058823529413,9,0,0.05345991777376314,7,0.003565000000000007,20
31,kiukchung,0.002020631836159681,0.005234059222102036,0.1568627450980392,8,3,0.04943729403050625,7,0.6265875,8
32,tosubmitissue,0.0027676411285913736,0.0,0.1568627450980392,8,0,0.048165879980848314,5,0.5829799999999999,5
33,markomitos,0.0022657320337281074,0.0,0.1568627450980392,8,0,0.04796511634290301,5,-0.0005833333333333246,18
34,ningxiudg,0.001980501967651779,0.0,0.1568627450980392,8,0,0.04785102431647248,5,0.5581625,8
35,SamuelMarks,0.001605245638717562,0.0,0.1568627450980392,8,0,0.04770092178489879,6,0.58461875,16
36,Gandalf401,0.001583043620572845,0.0,0.1568627450980392,8,0,0.047692040977640904,5,0.0467888888888889,9
37,larschristensen,0.001310856616704883,0.0,0.1568627450980392,8,0,0.04758316617609372,5,0.03208571428571429,14
38,ariG23498,0.003165722491115145,0.003854675585190777,0.13725490196078433,7,1,0.043599162260238584,6,0.5352133333333333,15
39,AdityaKane2001,0.0028226404122555036,0.0035938453940540286,0.13725490196078433,7,7,0.043383680371353706,7,0.322103125,32
40,AakashKumarNain,0.002810465643387604,0.002796758882681802,0.13725490196078433,7,10,0.04313968451039488,7,0.3251962264150943,53
41,GallagherCommaJack,0.004275293403585036,0.0,0.13725490196078433,7,0,0.042886587949669305,6,0.1862875,8
42,khteh,0.002890645916937998,0.0,0.13725490196078433,7,0,0.042332728955010494,5,0.03968620689655172,29
43,cheyennee,0.001999423349743636,0.0,0.13725490196078433,7,0,0.04197623992813275,6,-0.2034705882352941,17
44,Doch88,0.0013472369887831096,3.582087465839117e-05,0.13725490196078433,7,3,0.04172611164614606,5,0.007266666666666675,9
45,minsung-kang94,0.0012838575667045368,0.0,0.13725490196078433,7,0,0.04169001361491711,5,0.3946,13
46,yubori,0.0012587567416789307,0.0,0.13725490196078433,7,0,0.041679973284906864,5,0.4605416666666667,12
47,grasskin,0.0014595418649468188,0.012207849205002756,0.11764705882352941,6,25,0.039540289154538374,8,0.35763478260869563,46
48,divyashreepathihalli,0.002153559007715587,0.010935733701559536,0.11764705882352941,6,47,0.039436261360612915,8,0.22181460674157302,89
49,james77777778,0.0028266530145784645,0.00605500406484869,0.11764705882352941,6,36,0.03824128007234481,8,0.1430860759493671,79
50,santi-mir,0.0018951842188287171,0.004798993039698833,0.11764705882352941,6,42,0.03749188924649996,7,0.11010208333333334,96
51,crohkohl,0.004143473139268037,8.112741647370822e-06,0.11764705882352941,6,1,0.03695394072526025,4,-0.11860714285714284,14
52,RyanSaxe,0.0030988939894096464,0.00019642403661400968,0.11764705882352941,6,1,0.03659260245380688,4,0.24798,10
53,oluwandabira,0.0025123933237098726,0.0,0.11764705882352941,6,0,0.03629907497654277,4,0.1526,4
54,JuanVargas,0.0024943964703693982,0.0,0.11764705882352941,6,0,0.036291876235206584,4,0.32062,20
55,tarushbansal,0.002329093602130901,0.0,0.11764705882352941,6,0,0.036225755087911184,4,0.24294000000000002,5
56,ramakc153,0.002307459009663579,0.0,0.11764705882352941,6,0,0.036217101250924255,4,0.0641857142857143,7
57,jackd,0.0014712261003525045,0.0008067097862604353,0.11764705882352941,6,2,0.03612462102307796,7,0.118525,24
58,abhaskumarsinha,0.0018135339929635837,9.265860396052677e-05,0.11764705882352941,6,1,0.03604732882543241,6,0.41486999999999996,10
59,griffinstalha,0.0017948910190838548,0.0,0.11764705882352941,6,0,0.03601207405469237,4,-0.22807142857142854,7
61,t-kalinowski,0.0012781533958439743,2.9621907963733468e-05,0.11764705882352941,6,2,0.03581426557778553,5,-0.016781249999999998,16
62,maybeLee,0.001236953560401788,8.649430710196893e-06,0.11764705882352941,6,1,0.0357914939004326,4,0.5288571428571428,7
63,qlzh727,0.0015570702899031078,0.03387943953826406,0.0784313725490196,4,46,0.03431607174214634,8,0.15844,115
64,sampathweb,0.0013635534142240155,0.009909885065181659,0.09803921568627451,5,28,0.03293015159112646,8,0.030558750000000003,80
67,hmaarrfk,0.0030887393340766683,5.096465906681671e-05,0.09803921568627451,5,1,0.030662549837233065,4,-0.20174285714285714,7
68,stellarpower,0.0020976408585823892,0.001361491649753586,0.09803921568627451,5,1,0.030659268544241385,4,0.8464142857142857,7
69,MrinalTyagi,0.0016612657100812916,0.0016333174109274423,0.09803921568627451,5,5,0.030566266213193104,5,0.3790045454545455,22
70,soumik12345,0.0018898264197717356,0.001294844247917155,0.09803921568627451,5,2,0.030556148548166195,5,-0.01918888888888889,9
71,Star9daisy,0.001988900346808055,0.0009737162147994381,0.09803921568627451,5,1,0.030499439709045405,5,0.14935,14
72,ghylander,0.0026956483261133695,4.077172725345337e-06,0.09803921568627451,5,1,0.030491247188145304,4,-0.015870000000000002,10
73,Dobiasd,0.002395978992046674,0.0,0.09803921568627451,5,0,0.030370156302701023,4,-0.08846666666666667,9
75,nexeora,0.0022758828818329685,0.0,0.09803921568627451,5,0,0.03032211785861554,5,-0.06293333333333333,3
76,jakirkham,0.0019656981145820132,0.0,0.09803921568627451,5,0,0.03019804395171516,4,0.5130399999999999,5
77,partiallycomplex,0.0018229731692096542,0.0,0.09803921568627451,5,0,0.030140953973566215,4,-0.02495000000000001,12
78,curiarteb,0.001813914044229783,0.0,0.09803921568627451,5,0,0.030137330323574265,3,0.33272500000000005,4
79,breadbread1984,0.0015748848868181395,0.0,0.09803921568627451,5,0,0.030041718660609607,4,0.26794285714285715,7
80,Carath,0.0015475974544467944,0.0,0.09803921568627451,5,0,0.03003080368766107,4,0.06717500000000001,4
82,rivershah,0.0011371308704652134,0.00033611920721123717,0.09803921568627451,5,4,0.02996745281623181,6,0.24315925925925927,27
83,MilkFiish,0.00136203032283863,0.0,0.09803921568627451,5,0,0.029956576835017804,4,0.09330000000000001,7
85,awsaf49,0.00130630769613467,0.0,0.09803921568627451,5,0,0.02993428778433622,5,0.3556769230769231,13
86,dmagee,0.0012930174980693647,0.0,0.09803921568627451,5,0,0.029928971705110097,5,-0.06294375,16
87,raftAtGit,0.0012664416472380606,0.0,0.09803921568627451,5,0,0.029918341364777577,4,-0.29263333333333336,3
88,suvadityamuk,0.0012222742101717196,0.0,0.09803921568627451,5,1,0.02990067438995104,5,0.13685,8
89,ixig,0.0011932340422832351,0.0,0.09803921568627451,5,0,0.029889058322795647,5,0.14316,5
90,kwchan7,0.0011830179487908072,0.0,0.09803921568627451,5,0,0.029884971885398674,5,-0.0484857142857143,7
91,arthurflor23,0.0011623165632540242,1.2704477776503945e-05,0.09803921568627451,5,1,0.029880502674516914,6,0.24382857142857142,14
93,ThibaultDECO,0.0011096743698297518,0.0,0.09803921568627451,5,0,0.029855634453814252,4,-0.4477,3
94,odinsbane,0.0011070493734519123,0.0,0.09803921568627451,5,0,0.02985458445526312,4,-0.18731176470588234,17
95,kretes,0.0010960472564462715,0.0,0.09803921568627451,5,0,0.02985018360846086,4,0.19885,6
96,ma7555,0.0010299410918543324,0.0,0.09803921568627451,5,0,0.029823741142624087,5,-0.015511111111111123,9
97,rlcauvin,0.0027744904857221263,0.008310009421723373,0.0784313725490196,4,3,0.027132210785511743,5,0.25275555555555557,18
99,haifeng-jin,0.0012460981439141351,0.00547816770518643,0.0784313725490196,4,41,0.025671301333827466,8,0.2156344827586207,87
100,mthiboust,0.002732914772058403,0.0022782700339786513,0.0784313725490196,4,3,0.025306058683722838,5,0.18994666666666665,15
101,pctablet505,0.0015945728927805759,0.003544128155690086,0.0784313725490196,4,25,0.025230479368525138,7,0.012948837209302332,43
102,PlumBlossomMaid,0.0038112831479366715,0.0,0.0784313725490196,4,0,0.02505392502388055,4,0.6033333333333334,3
103,hoangtnm,0.0036969392642575375,0.0,0.0784313725490196,4,0,0.025008187470408897,3,0.1372142857142857,7
105,PatReis,0.0027673547977162794,0.0009983248644631296,0.0784313725490196,4,2,0.02493585114313133,4,0.3106,13
106,adi-kmt,0.0017507767152676375,0.0016511352482762246,0.0784313725490196,4,2,0.024725063025295806,4,0.3051333333333333,3
107,rchiodo,0.002533430924404904,0.0,0.0784313725490196,4,0,0.024542784134467845,3,0.2479,6
108,filusn,0.0023051195458975017,0.0,0.0784313725490196,4,0,0.024451459583064883,4,-0.4925,3
109,alkaou,0.002202033752516549,0.0,0.0784313725490196,4,0,0.0244102252657125,3,-0.2078,3
112,reuvenperetz,0.0020481966611244425,0.0,0.0784313725490196,4,0,0.024348690429155658,3,0.546475,4
114,gilfree,0.001896026545201019,0.0,0.0784313725490196,4,0,0.02428782238278629,3,0.47165,4
116,DriesSmit,0.0018551492943577577,0.0,0.0784313725490196,4,0,0.024271471482448986,3,0.04356666666666668,3
118,kkolli,0.0017847064146297843,0.0,0.0784313725490196,4,0,0.024243294330557795,3,0.40571999999999997,5
119,mw66,0.0015147533328247196,0.00023764092456298534,0.0784313725490196,4,1,0.024206605375204665,3,0.39590000000000003,7
120,jchwenger,0.001147240829179611,0.0007226642412002336,0.0784313725490196,4,1,0.024205107368737797,5,0.43987777777777776,9
123,APJansen,0.0015115202867707837,0.0,0.0784313725490196,4,0,0.024134019879414194,4,0.39495,4
124,ankandrew,0.0014697746788378014,0.0,0.0784313725490196,4,0,0.024117321636241,3,-0.053666666666666675,3
126,das-apratim,0.0014659464791439794,0.0,0.0784313725490196,4,0,0.024115790356363475,4,-0.029699999999999987,6
130,david-eidmann,0.0014080441586304616,0.0,0.0784313725490196,4,0,0.024092629428158065,4,0.4802,7
131,rkazants,0.0013771085260536233,1.3180084891728598e-05,0.0784313725490196,4,1,0.02408420920059485,4,0.8375499999999999,6
132,pksX01,0.0013757761850731144,0.0,0.0784313725490196,4,1,0.024079722238735127,4,0.1598,14
135,adrinjalali,0.0013277241648756268,0.0,0.0784313725490196,4,0,0.024060501430656134,3,0.4940857142857143,7
136,wesselvannierop,0.00132739293093647,0.0,0.0784313725490196,4,0,0.02406036893708047,3,0.51015,6
137,sirfz,0.0013173727853431482,2.6210396091505736e-06,0.0784313725490196,4,1,0.024057147190725887,4,-0.05848888888888889,9
139,edge7,0.0010489531476244166,0.00028278105116502297,0.0784313725490196,4,6,0.024033827339105154,6,0.2148037037037037,27
140,q-ycong-p,0.0012304257447610177,0.0,0.0784313725490196,4,0,0.024021582062610288,4,0.5018333333333334,6
141,sebastian-sz,0.0011897531203114901,1.0484158436602295e-05,0.0784313725490196,4,1,0.024008458260361458,4,0.41647,10
142,itmo153277,0.001008431183860041,0.0002323988453446842,0.0784313725490196,4,1,0.024002503891853304,4,0.2169875,8
143,sineeli,0.0011083181974259626,7.750807469307816e-05,0.0784313725490196,4,1,0.02399599146608419,5,0.45631428571428573,7
144,wenwen-666,0.0011593100824734543,0.0,0.0784313725490196,4,0,0.023993135797695263,4,0.3509333333333333,3
145,shashaka,0.001144058882610188,2.0094637003487733e-05,0.0784313725490196,4,2,0.023993063708851004,5,0.16494,10
146,DameNianch,0.0011498038084995844,0.0,0.0784313725490196,4,0,0.023989333288105714,4,0.3877,7
147,BenjaminDug,0.0011264889016051208,0.0,0.0784313725490196,4,0,0.02398000732534793,4,0.6499666666666667,3
148,jhoydis,0.001112253828560216,0.0,0.0784313725490196,4,0,0.02397431329612997,4,0.020866666666666662,6
149,caiuspetronius,0.001108945452668189,0.0,0.0784313725490196,4,0,0.023972989945773158,4,-0.13508,10
150,rafak360,0.0010984409715247814,0.0,0.0784313725490196,4,0,0.023968788153315795,4,0.21960000000000002,6
151,ielenik,0.00109162080650179,6.989438957734863e-06,0.0784313725490196,4,1,0.02396815691899392,4,0.1290666666666667,3
152,moumed,0.001092638465106954,0.0,0.0784313725490196,4,0,0.023966467150748665,4,0.06920000000000001,4
153,Shuo-Sun20,0.0010920874926893418,0.0,0.0784313725490196,4,0,0.02396624676178162,4,-0.20455,6
154,ravinderkhatri,0.0010868813135884257,0.0,0.0784313725490196,4,0,0.02396416429014125,4,0.2563666666666667,9
155,Senantq,0.001085323128310154,0.0,0.0784313725490196,4,0,0.023963541016029943,4,0.4509333333333333,9
156,StevenHuang2020,0.0010572082764915545,0.0,0.0784313725490196,4,0,0.023952295075302502,4,-0.097025,4
157,ccurro,0.0010521307435952885,0.0,0.0784313725490196,4,0,0.023950264062143997,4,0.4923666666666666,3
158,EnderWiggin14,0.0010512190471379226,0.0,0.0784313725490196,4,0,0.02394989938356105,4,0.21368,5
159,manuelpaeza,0.0010235564827233742,0.0,0.0784313725490196,4,0,0.02393883435779523,4,-0.1457,5
161,lxzheng,0.0010058750390732854,1.3396424668991819e-05,0.0784313725490196,4,1,0.023935780707735894,4,0.2507888888888889,9
163,joonjeon,0.0010056339012269103,0.0,0.0784313725490196,4,0,0.023931665325196645,4,0.26076,5
164,saddamhijazi,0.0010051256836763735,0.0,0.0784313725490196,4,0,0.02393146203817643,4,0.2690166666666666,6
165,AmedeoBiolatti,0.0010043265633463282,0.0,0.0784313725490196,4,0,0.023931142390044412,4,-0.32619999999999993,5
167,PhyllisJi,0.000992350008491352,0.0,0.0784313725490196,4,0,0.023926351768102424,4,0.016312499999999994,8
168,hertschuh,0.0021064332633782003,0.010687700064495475,0.058823529411764705,3,69,0.021695942148229334,8,0.2657097297297297,185
169,water-vapor,0.0037958039523696275,0.0,0.058823529411764705,3,0,0.019165380404477263,3,-0.03515999999999999,5
170,nicolaspi,0.0011681066437378134,0.0028379268546438463,0.058823529411764705,3,3,0.01896567953741769,4,-0.082795,20
171,gregstarr,0.0014839794484063442,0.001725867214638681,0.058823529411764705,3,3,0.018758410767283552,5,-0.056810000000000006,10
172,mgomes0,0.0010659952808114166,0.002136625725195896,0.058823529411764705,3,1,0.018714444653412748,4,-0.027066666666666666,3
175,torzdf,0.002098360756443013,0.0,0.058823529411764705,3,0,0.018486403126106617,3,0.19658000000000003,5
176,El3ssar,0.0010471441216228787,0.0012957227185278598,0.058823529411764705,3,1,0.018454633287736923,4,0.5171,3
179,szleb,0.0018738443847103531,0.0,0.058823529411764705,3,0,0.018396596577413552,3,0.014566666666666617,3
181,asingh9530,0.0018455621604707123,0.0,0.058823529411764705,3,1,0.018385283687717698,3,0.29559285714285716,14
183,dax44,0.001590497254735594,0.0,0.058823529411764705,3,0,0.01828325772542365,2,0.03125,4
185,mazeltovlee,0.0015383070933986177,0.0,0.058823529411764705,3,0,0.01826238166088886,2,0.45709999999999995,4
186,carrycooldude,0.0014794340638858328,0.0,0.058823529411764705,3,0,0.018238832449083746,2,0.13904,5
187,alenowak,0.0014609336508871328,0.0,0.058823529411764705,3,0,0.018231432283884266,2,0.45626666666666665,3
191,MeowTheCat,0.001385023488726556,0.0,0.058823529411764705,3,0,0.018201068219020036,3,0.6604,3
192,wenscarl,0.0013774919105099604,0.0,0.058823529411764705,3,0,0.018198055587733394,2,0.317725,4
193,ErfanMowlaei,0.0013772099430300556,0.0,0.058823529411764705,3,0,0.018197942800741433,3,0.5074,5
194,Devashish13,0.0013729720368830809,0.0,0.058823529411764705,3,0,0.018196247638282644,3,0.19693333333333332,3
197,Omitg24,0.001364058020001408,0.0,0.058823529411764705,3,0,0.018192682031529975,3,0.004399999999999997,3
198,Pagey,0.0013457673657367567,5.242079218301147e-06,0.058823529411764705,3,1,0.018186938393589605,3,0.24323333333333333,3
199,keshusharmamrt,0.0013495351754678944,0.0,0.058823529411764705,3,0,0.01818687289371657,3,-0.1618666666666667,3
202,ralphrmartin,0.0012879212142964775,0.0,0.058823529411764705,3,0,0.018162227309248002,3,-0.14737999999999998,5
203,cliu-nuro,0.0012877261510997643,0.0,0.058823529411764705,3,0,0.018162149283969316,3,0.36776666666666663,3
205,markodjordjic,0.0010932032280723647,0.00023254445865630364,0.058823529411764705,3,2,0.01815410345235525,3,0.24384444444444442,18
206,Jon573,0.001252524471808898,0.0,0.058823529411764705,3,0,0.01814806861225297,3,-0.18002857142857143,7
208,gustavoeb,0.0012250275305992781,0.0,0.058823529411764705,3,0,0.018137069835769123,3,0.4163,4
211,isaacgerg,0.0011985876451879615,0.0,0.058823529411764705,3,0,0.018126493881604595,3,0.18314285714285714,7
212,cevheck,0.0011896711161606252,0.0,0.058823529411764705,3,0,0.018122927269993663,2,0.6783,4
213,telecomadm1145,0.0011841303937711895,0.0,0.058823529411764705,3,0,0.018120710981037888,3,-0.248875,4
214,ThorvaldAagaard,0.0011801817412371092,0.0,0.058823529411764705,3,0,0.018119131520024256,3,-0.21934285714285712,7
215,lcs-crr,0.0011610397258030797,0.0,0.058823529411764705,3,0,0.018111474713850644,3,0.0004166666666666578,6
216,enricoschroeder,0.0011542122509864278,0.0,0.058823529411764705,3,0,0.018108743723923983,3,-0.030974999999999975,4
217,briango28,0.0011387865524552301,2.6210396091505736e-06,0.058823529411764705,3,1,0.01810335975639425,4,0.2100375,8
218,HGS-mbayer,0.0011325040156597863,0.0,0.058823529411764705,3,0,0.018100060429793327,3,-0.496675,4
219,haohuanw,0.0009643609047968646,0.00021641050372886566,0.058823529411764705,3,6,0.018097726336566818,6,0.3961733333333333,15
220,Ending2015a,0.0011128084833277937,0.0,0.058823529411764705,3,0,0.018092182216860528,3,0.19720000000000001,6
221,smartArancina,0.001111880443203457,0.0,0.058823529411764705,3,0,0.018091811000810795,3,0.2587,4
222,albertaillet,0.0011118728197480681,0.0,0.058823529411764705,3,0,0.01809180795142864,3,0.053633333333333345,3
224,ashep29,0.0011052257356477721,0.0,0.058823529411764705,3,0,0.01808914911778852,3,-0.17965,8
225,SeKim12,0.0010966427393987424,0.0,0.058823529411764705,3,0,0.018085715919288908,3,0.5898,4
227,jobs-git,0.0010849826927507246,0.0,0.058823529411764705,3,0,0.0180810519006297,3,-0.07862857142857142,7
228,jeisinge,0.0010765295665097763,0.0,0.058823529411764705,3,0,0.018077670650133323,3,0.147,5
230,oeddyo,0.0010691013065190268,0.0,0.058823529411764705,3,0,0.01807469934613702,3,-0.11639999999999999,5
231,tristan-deep,0.001067914459207856,0.0,0.058823529411764705,3,0,0.018074224607212554,2,0.5337666666666667,3
232,beneyal,0.0010677534150097608,0.0,0.058823529411764705,3,0,0.018074160189533315,3,0.61225,4
233,Cerno-b,0.0010624514667920428,0.0,0.058823529411764705,3,0,0.018072039410246227,3,0.420625,4
234,Ybisalt,0.001057849393767324,0.0,0.058823529411764705,3,0,0.01807019858103634,3,-0.012219999999999998,5
235,henrysky,0.00105605685572012,0.0,0.058823529411764705,3,0,0.01806948156581746,3,0.11850000000000001,5
236,Mrutyunjay01,0.0010546686933772486,0.0,0.058823529411764705,3,0,0.01806892630088031,3,-0.38748,5
237,piEsposito,0.0010506205151677545,0.0,0.058823529411764705,3,0,0.018067307029596514,3,0.47257499999999997,4
238,rluethy,0.0010479194962926819,0.0,0.058823529411764705,3,0,0.018066226622046485,3,0.4660333333333333,3
239,cjohn001,0.001046411271097395,0.0,0.058823529411764705,3,0,0.01806562333196837,3,0.9259333333333334,6
240,neo-alex,0.0010453353061114063,0.0,0.058823529411764705,3,0,0.018065192945973974,3,0.6091,5
243,Akorex,0.001033374628369259,0.0,0.058823529411764705,3,0,0.018060408674877116,3,0.08333333333333333,3
245,CaptainDario,0.001029980198996149,0.0,0.058823529411764705,3,0,0.01805905090312787,3,-0.06624285714285714,7
248,LucaSCostanzo,0.0010266689930212918,0.0,0.058823529411764705,3,0,0.018057726420737927,3,0.12166666666666666,3
250,mattiasu96,0.0010238502988159422,0.0,0.058823529411764705,3,0,0.01805659894305579,3,0.030916666666666686,6
251,elbeetheone,0.0010236011461859102,0.0,0.058823529411764705,3,0,0.018056499282003775,3,0.36166666666666664,3
253,AtticusBeachy,0.0010216088059126834,0.0,0.058823529411764705,3,0,0.018055702345894487,3,0.061166666666666654,3
255,lilianabrandao,0.0010211354379286882,0.0,0.058823529411764705,3,0,0.018055512998700885,3,0.643475,4
256,doiko,0.001020045316672089,0.0,0.058823529411764705,3,1,0.018055076950198246,4,0.37891666666666673,6
262,sibyjackgrove,0.0010072135818686525,2.6210396091505736e-06,0.058823529411764705,3,2,0.018050730568159618,4,0.23066315789473685,19
263,apage224,0.001008654923006226,0.0,0.058823529411764705,3,0,0.0180505207927319,3,0.47256,5
267,ARforyou,0.0010050488379252857,0.0,0.058823529411764705,3,0,0.018049078358699525,3,0.24525,4
269,savindi-wijenayaka,0.001004341000778717,0.0,0.058823529411764705,3,0,0.018048795223840897,3,-0.39640000000000003,4
270,GaetanLepage,0.0010021910248481053,0.0,0.058823529411764705,3,0,0.018047935233468655,3,0.20017142857142858,7
271,apiszcz,0.0010021376166081913,0.0,0.058823529411764705,3,0,0.01804791387017269,3,0.0514,4
272,KhawajaAbaid,0.0010014178168847097,0.0,0.058823529411764705,3,0,0.018047625950283294,3,0.2618444444444445,9
273,chriscarollo,0.0009996690488937887,0.0,0.058823529411764705,3,0,0.018046926443086926,3,0.5457799999999999,5
274,refraction-ray,0.0009994254766114827,0.0,0.058823529411764705,3,0,0.018046829014174006,3,0.8761666666666666,3
276,mhorlacher,0.0009985715037388815,0.0,0.058823529411764705,3,0,0.018046487425024963,3,-0.1394,6
279,yhpeng6,0.0009909957486140548,0.0,0.058823529411764705,3,0,0.018043457122975032,3,0.6577500000000001,4
280,Headshake,0.0009906940773371168,0.0,0.058823529411764705,3,0,0.018043336454464258,3,-0.11320000000000001,7
281,mortezamg63,0.0009886110141442642,0.0,0.058823529411764705,3,0,0.01804250322918712,3,0.781875,4
284,chenkimheng,0.0009860090847318367,0.0,0.058823529411764705,3,0,0.018041462457422146,3,0.2797,4
285,Vishu26,0.000984895605628153,0.0,0.058823529411764705,3,0,0.018041017065780672,3,-0.5083000000000001,3
286,Sticcolet,0.0009834332636043585,0.0,0.058823529411764705,3,0,0.018040432128971155,3,-0.31098571428571425,7
290,d-01,0.0009769293651587952,0.0,0.058823529411764705,3,0,0.01803783056959293,3,0.14506000000000002,5
291,dniku,0.0009732200476806338,0.0,0.058823529411764705,3,0,0.018036346842601664,3,-0.23106666666666667,3
292,VachanVY,0.0009651893437937475,0.0,0.058823529411764705,3,0,0.01803313456104691,3,0.05732,5
293,sachinprasadhs,0.0009552395446142556,0.019062259804223707,0.0392156862745098,2,160,0.017865479641465756,8,0.33982138728323696,346
294,Darkdragon84,0.0011067433187630633,0.003584078586044366,0.0392156862745098,2,1,0.013282626785671476,2,0.1825,5
296,yifengshao,0.002838311028290496,0.0,0.0392156862745098,2,0,0.01290003029366914,2,0.6444000000000001,3
297,fabriciorsf,0.002669858670428811,0.0,0.0392156862745098,2,1,0.012832649350524465,3,0.140675,8
298,LukeWood,0.0013791376945757365,0.0016635352618557006,0.0392156862745098,2,28,0.012815421538739945,7,0.3758125,64
299,UmerElsaharty,0.002238420060763394,0.0,0.0392156862745098,2,0,0.012660073906658298,2,0.04619999999999998,4
300,miticollo,0.0009633872544998883,0.0014470831543235143,0.0392156862745098,2,2,0.01258418573044995,4,0.4161111111111111,9
302,burnpanck,0.0010451905716571033,0.0010612298150827434,0.0392156862745098,2,2,0.012501151055540605,3,-0.11049999999999997,7
303,tqdo,0.00182907949859533,0.0,0.0392156862745098,2,0,0.012496337681791073,2,0.45542499999999997,4
307,MangledPotat0,0.0017654002608236262,0.0,0.0392156862745098,2,0,0.012470865986682391,2,-0.01906666666666666,3
308,geniusonanotherlevel,0.0017492161321869912,0.0,0.0392156862745098,2,0,0.012464392335227737,2,0.20826666666666668,3
312,swamidass,0.0016325303493143475,0.0,0.0392156862745098,2,1,0.01241771802207868,3,0.40378,5
314,coldhearti,0.001546875623493002,6.174004412665795e-05,0.0392156862745098,2,2,0.012401978144988139,4,0.08953333333333335,3
315,vulkomilev,0.0010960873292685748,0.0005584090217459197,0.0392156862745098,2,5,0.012370663520584147,5,0.16065000000000002,16
317,yesufeng,0.001476144862144252,0.0,0.0392156862745098,2,0,0.012355163827210643,2,0.6444,4
323,Ghostvv,0.001386973686684306,0.0,0.0392156862745098,2,0,0.012319495357026663,2,0.3188666666666667,3
326,xiaofengSu00,0.001363008567399611,0.0,0.0392156862745098,2,0,0.012309909309312785,2,-0.4986333333333333,3
328,Shaaniaa,0.0013561085167043876,0.0,0.0392156862745098,2,0,0.012307149289034695,2,0.18113333333333334,3
330,williamhunterwilson,0.0013499630901805091,0.0,0.0392156862745098,2,0,0.012304691118425144,2,0.50824,5
333,haimat,0.0013430866564082215,0.0,0.0392156862745098,2,0,0.01230194054491623,2,-0.0551,3
334,SamMohel,0.001341965827102061,0.0,0.0392156862745098,2,0,0.012301492213193765,2,0.03764999999999999,4
336,AshwinJay101,0.0009670792235897554,0.0004943571929481221,0.0392156862745098,2,4,0.01229984472967328,3,0.0489857142857143,7
337,daehyun99,0.0012282577541154395,8.26958798588666e-05,0.0392156862745098,2,3,0.012280817747956778,4,0.57856,10
338,gcunhase,0.0012892601098924436,0.0,0.0392156862745098,2,0,0.012280409926309918,2,0.62686,5
341,redincer,0.0012642204759486459,0.0,0.0392156862745098,2,0,0.012270394072732399,2,-0.3326666666666666,3
346,ItCodinTime,0.0012273453517151931,0.0,0.0392156862745098,2,0,0.012255644023039018,2,0.39573333333333327,3
347,Faptimus420,0.00106207602270063,0.00021507086126196654,0.0392156862745098,2,1,0.012254057549811783,3,0.04129999999999998,5
348,asmith26,0.0012229923749382163,0.0,0.0392156862745098,2,0,0.012253902832328228,2,0.5125777777777778,9
350,rstar327,0.0012083777885953761,0.0,0.0392156862745098,2,0,0.012248056997791091,2,0.360425,4
352,TaiXeflar,0.001183263564816844,6.989438957734863e-06,0.0392156862745098,2,2,0.012240108139967,3,0.34655714285714284,7
355,thanhlecongg,0.00116185220214546,0.0,0.0392156862745098,2,0,0.012229446763211124,2,-0.04638000000000002,5
356,anas-rz,0.0011592773284525926,0.0,0.0392156862745098,2,1,0.012228416813733978,2,0.01621428571428572,7
360,tomas-teijeiro,0.0011562912832222393,0.0,0.0392156862745098,2,0,0.012227222395641836,2,0.44112,5
361,cloudbopper,0.0011493328748601683,0.0,0.0392156862745098,2,0,0.012224439032297009,2,0.16178,5
362,jyyang621,0.0011406857709833457,0.0,0.0392156862745098,2,0,0.01222098019074628,2,0.5709799999999999,5
364,Nilabhra,0.0011185045190143506,0.0,0.0392156862745098,2,0,0.012212107689958682,2,0.19340000000000002,4
367,firatsarlar,0.0011168479965434326,0.0,0.0392156862745098,2,0,0.012211445080970313,2,0.1398,5
368,CAW9,0.001112387852740205,0.0,0.0392156862745098,2,0,0.012209661023449022,2,0.3793333333333333,6
370,JotaFan,0.0010986557724365856,1.456133116194763e-05,0.0392156862745098,2,1,0.01220853659067616,2,0.13141666666666665,6
371,NahuelCostaCortez,0.001102751459565459,8.591185385549103e-06,0.0392156862745098,2,1,0.01220838382179479,3,0.45172500000000004,4
372,WingsOfPanda,0.0011072877617893523,0.0,0.0392156862745098,2,0,0.012207620987068683,2,0.6291,3
373,mohammadreza490,0.0011037628768716225,0.0,0.0392156862745098,2,0,0.01220621103310159,2,0.20319999999999996,6
374,egesko,0.001103760206453182,0.0,0.0392156862745098,2,0,0.012206209964934213,2,0.13640000000000002,4
375,WeichenXu123,0.0011025253737375637,0.0,0.0392156862745098,2,0,0.012205716031847967,2,-0.18164000000000002,5
376,sunilsarolkarcds,0.0011025253737375637,0.0,0.0392156862745098,2,0,0.012205716031847967,2,0.8691,3
378,prateekgargX,0.0010964523882660599,0.0,0.0392156862745098,2,0,0.012203286837659364,2,-0.629825,4
379,Alex-Zab,0.0010883586054806673,0.0,0.0392156862745098,2,0,0.012200049324545208,2,-0.19863333333333333,6
380,adamjstewart,0.0009640001152894505,0.00016193524009464126,0.0392156862745098,2,2,0.012198886500497113,4,0.3579125,8
381,rohitcodism,0.0009886574543333667,0.00012768585455255897,0.0392156862745098,2,1,0.012198474620452055,2,-0.0006749999999999881,4
383,OmriSteiner,0.001081204993210843,0.0,0.0392156862745098,2,0,0.012197187879637278,2,0.03263333333333335,6
384,Tropaion,0.0010809742814076935,0.0,0.0392156862745098,2,0,0.012197095594916019,2,-0.13394999999999999,8
385,tristandb8,0.0010796410112432374,0.0,0.0392156862745098,2,0,0.012196562286850236,2,0.011866666666666664,3
386,matpalm,0.0009964394313811294,0.0001051328109892619,0.0392156862745098,2,1,0.012194821498202172,3,0.1625375,8
387,heydaari,0.0010715071587576528,3.4947194788674315e-06,0.0392156862745098,2,2,0.012194357161699662,3,0.40473750000000003,8
389,baominghelly,0.0010675156331325208,0.0,0.0392156862745098,2,0,0.012191712135605949,2,0.49495,4
392,BruceJL,0.0010617744028654447,0.0,0.0392156862745098,2,0,0.012189415643499119,2,-0.5127666666666667,3
393,malcolmlett,0.0010581145337187814,0.0,0.0392156862745098,2,0,0.012187951695840454,2,-0.10195000000000001,4
394,fhchl,0.0010287850118771973,3.582087465839116e-05,0.0392156862745098,2,2,0.012186966149501337,3,-0.5584333333333333,3
395,keisen,0.0010554098121972806,0.0,0.0392156862745098,2,0,0.012186869807231854,2,0.7020500000000001,4
397,jacob-talroo,0.001051682648146895,0.0,0.0392156862745098,2,0,0.012185378941611699,2,0.3262714285714286,7
400,jm-willy,0.0010499942969685065,0.0,0.0392156862745098,2,0,0.012184703601140344,2,-0.2828333333333333,3
401,takumiohym,0.0010421170366980848,9.901705190124388e-06,0.0392156862745098,2,1,0.012184523208589213,3,0.31237499999999996,4
402,bermeitinger-b,0.0010489855500807833,0.0,0.0392156862745098,2,0,0.012184300102385255,2,0.16636666666666666,3
403,pyhopp,0.0010489855500807833,0.0,0.0392156862745098,2,0,0.012184300102385255,2,0.5121666666666667,3
404,proneetsharma,0.0010489855500807833,0.0,0.0392156862745098,2,0,0.012184300102385255,2,-0.07886666666666665,3
405,AjaniStewart,0.0010489855500807833,0.0,0.0392156862745098,2,0,0.012184300102385255,2,-0.013566666666666652,3
406,Giszy,0.001048759464252888,0.0,0.0392156862745098,2,0,0.012184209668054096,2,0.0638,3
407,NuraliMedeu,0.001048759464252888,0.0,0.0392156862745098,2,0,0.012184209668054096,2,0.02523333333333333,3
408,yelandgit,0.0010485962925699777,0.0,0.0392156862745098,2,0,0.012184144399380932,2,0.29124,5
409,wellsonah2019,0.001047835860434798,0.0,0.0392156862745098,2,0,0.012183840226526861,2,0.24118571428571428,7
411,pzy2000,0.0010439319319874728,0.0,0.0392156862745098,2,0,0.01218227865514793,2,-0.23709999999999998,4
412,DimiChatzipavlis,0.001043425225867042,0.0,0.0392156862745098,2,0,0.012182075972699758,2,0.2019,3
414,heebahsaleem,0.001041171972585015,0.0,0.0392156862745098,2,0,0.012181174671386947,2,-0.2839,3
415,bruehle,0.0010407747874243015,0.0,0.0392156862745098,2,0,0.012181015797322661,2,0.15976666666666664,3
417,marta-q,0.0010399970337720398,0.0,0.0392156862745098,2,0,0.012180704695861758,2,-0.21366000000000002,5
418,PhilLord0000,0.001039158954579599,0.0,0.0392156862745098,2,0,0.01218036946418478,2,0.44405,4
419,sikchi,0.001037592991354354,0.0,0.0392156862745098,2,0,0.012179743078894682,2,0.0026750000000000038,4
420,divakaivan,0.0010374120772306452,0.0,0.0392156862745098,2,0,0.012179670713245199,2,0.721,3
421,hockeyjudson,0.0010306879879946739,6.989438957734863e-06,0.0392156862745098,2,1,0.012179077909238131,3,-0.08146666666666666,6
422,markveilletteLL,0.001033994137526736,0.0,0.0392156862745098,2,0,0.012178303537363636,2,0.8276,3
423,ucasiggcas,0.0010299954110516048,0.0,0.0392156862745098,2,0,0.012176704046773583,2,0.13415,4
424,TrueWodzu,0.0010258248174320973,0.0,0.0392156862745098,2,0,0.01217503580932578,2,-0.07694,5
426,RaydelMiranda,0.0010246719918615371,0.0,0.0392156862745098,2,0,0.012174574679097556,2,0.03663333333333333,3
427,nihayahzahra,0.0010229976256003615,0.0,0.0392156862745098,2,0,0.012173904932593085,2,-0.24121666666666666,6
428,realmadridmarcelo,0.0010229217108572392,0.0,0.0392156862745098,2,0,0.012173874566695837,2,-0.1691666666666667,3
430,josephgiting,0.0009931207544780641,3.8733140890780694e-05,0.0392156862745098,2,1,0.012173574126411402,3,0.19424000000000002,5
432,aliencaocao,0.0010002306882144223,2.7957755830939452e-05,0.0392156862745098,2,1,0.012173185484387991,2,0.20245714285714286,7
444,lrwagner,0.001011064719670376,0.0,0.0392156862745098,2,0,0.012169131770221091,2,0.11763333333333335,3
445,GeorgeOrfanidis,0.0010097351969109403,0.0,0.0392156862745098,2,0,0.012168599961117316,2,0.5116166666666667,6
448,jay-thakur,0.0010050714387129889,0.0,0.0392156862745098,2,0,0.012166734457838137,2,0.14306666666666665,3
449,MarcelRobitaille,0.0010050714387129889,0.0,0.0392156862745098,2,0,0.012166734457838137,2,0.2499333333333333,3
451,agreenbe0505,0.0010039516904592723,0.0,0.0392156862745098,2,0,0.01216628655853665,2,-0.6629999999999999,3
453,antipisa,0.0010020942233631054,0.0,0.0392156862745098,2,0,0.012165543571698183,2,-0.07286666666666668,3
454,Noob225566,0.001001643902712605,0.0,0.0392156862745098,2,0,0.012165363443437983,2,-0.20335999999999999,5
455,nishbo,0.0010015044849162956,0.0,0.0392156862745098,2,0,0.012165307676319459,2,0.36072499999999996,4
456,hmc-cs-mdrissi,0.001000965645228919,0.0,0.0392156862745098,2,0,0.012165092140444509,2,0.3318666666666667,6
458,code-review-doctor,0.0010003827978634875,0.0,0.0392156862745098,2,0,0.012164859001498336,2,-0.12514000000000003,5
459,solidDoWant,0.0010003046434694368,0.0,0.0392156862745098,2,0,0.012164827739740716,2,-0.391275,4
460,RicardFos,0.0009995747195846855,0.0,0.0392156862745098,2,0,0.012164535770186816,2,0.5311,3
461,matthewhelmi,0.0009984317716543562,0.0,0.0392156862745098,2,0,0.012164078591014683,2,0.3222,4
462,jc-louis,0.0009984317716543562,0.0,0.0392156862745098,2,1,0.012164078591014683,3,-0.08421999999999999,5
463,inconnu11,0.0009984317716543562,0.0,0.0392156862745098,2,0,0.012164078591014683,2,0.7433,3
464,pinsondg,0.0009979795999985656,0.0,0.0392156862745098,2,0,0.012163897722352367,2,-0.005779999999999996,5
466,DavidHidde,0.0009979167386622194,0.0,0.0392156862745098,2,0,0.01216387257781783,2,-0.0020999999999999908,4
467,BastienPailloux,0.0009979167386622194,0.0,0.0392156862745098,2,0,0.01216387257781783,2,-0.0897666666666667,3
471,boweia,0.000997240213725238,0.0,0.0392156862745098,2,0,0.012163601967843036,2,0.12760000000000002,3
473,nassimus26,0.0009964394313811294,0.0,0.0392156862745098,2,0,0.012163281654905394,2,0.25393333333333334,6
475,aman977381,0.0009964394313811294,0.0,0.0392156862745098,2,0,0.012163281654905394,2,0.22860000000000003,3
476,dauntless23,0.0009964394313811294,0.0,0.0392156862745098,2,0,0.012163281654905394,2,0.05099999999999997,3
477,Nafees-060,0.000996278671810295,0.0,0.0392156862745098,2,0,0.012163217351077059,2,0.40748333333333336,6
478,zaccharieramzi,0.0009954879112240302,0.0,0.0392156862745098,2,0,0.012162901046842553,2,0.8701333333333334,3
480,jacoblubecki,0.0009952196405961077,0.0,0.0392156862745098,2,0,0.012162793738591384,2,-0.24486666666666665,3
484,ofirgo,0.0009952196405961077,0.0,0.0392156862745098,2,0,0.012162793738591384,2,0.32206666666666667,3
487,NikitaShubin,0.0009949935547682125,0.0,0.0392156862745098,2,1,0.012162703304260227,3,-0.14723333333333333,3
490,huberb,0.0009949935547682125,0.0,0.0392156862745098,2,0,0.012162703304260227,2,-0.06626666666666665,6
492,lk1983823,0.0009940728112506814,0.0,0.0392156862745098,2,0,0.012162335006853214,2,0.17665000000000003,4
494,Pierre-Am,0.000992321757047406,0.0,0.0392156862745098,2,0,0.012161634585171903,2,0.11756666666666664,3
495,coderW52,0.0009923215987359465,0.0,0.0392156862745098,2,0,0.01216163452184732,2,0.4126666666666667,3
502,Soontosh,0.00098719403905477,0.0,0.0392156862745098,2,0,0.012159583497974849,2,0.56182,5
503,sergiud,0.0009833666224573906,3.4947194788674315e-06,0.0392156862745098,2,1,0.012159100947179558,2,-0.22236666666666668,3
504,JivanRoquet,0.0009858529956966533,0.0,0.0392156862745098,2,0,0.012159047080631603,2,-0.21597500000000003,4
505,Gravityzd,0.0009858529956966533,0.0,0.0392156862745098,2,0,0.012159047080631603,2,0.677975,4
506,PWZER,0.0009857897363210095,0.0,0.0392156862745098,2,0,0.012159021776881345,2,0.4617,4
507,andrewl36,0.0009856714091030134,0.0,0.0392156862745098,2,0,0.012158974445994146,2,0.2427,3
508,profPlum,0.0009848071778157034,0.0,0.0392156862745098,2,0,0.012158628753479223,2,0.3234,4
509,off6atomic,0.0009847848482127564,0.0,0.0392156862745098,2,0,0.012158619821638043,2,-0.22466666666666665,6
510,anth2o,0.000984744031216562,0.0,0.0392156862745098,2,0,0.012158603494839566,2,0.16715,4
512,pfekin,0.0009825646890495108,0.0,0.0392156862745098,2,0,0.012157731757972745,2,0.21400000000000002,5
513,mathshangw,0.000982165111178452,0.0,0.0392156862745098,2,0,0.012157571926824321,2,-0.6645,4
517,johnathanleung18,0.0009808018904934373,0.0,0.0392156862745098,2,0,0.012157026638550316,2,0.48563333333333336,3
520,pumpnineteen,0.0009792259553031057,0.0,0.0392156862745098,2,0,0.012156396264474184,2,0.13854000000000002,5
525,drauh,0.0009772847210534222,0.0,0.0392156862745098,2,0,0.01215561977077431,2,-0.40540000000000004,3
528,KegangWangCCNU,0.0009768188978700801,0.0,0.0392156862745098,2,0,0.012155433441500973,2,0.24512499999999998,4
529,stridge-cruxml,0.000976685534990576,0.0,0.0392156862745098,2,0,0.012155380096349172,2,-0.43439999999999995,3
530,Renat2001,0.000976685534990576,0.0,0.0392156862745098,2,0,0.012155380096349172,2,-0.05063333333333333,3
531,dalbertweiss,0.0009762295015669292,0.0,0.0392156862745098,2,0,0.012155197682979712,2,0.027499999999999986,3
532,pnuzyf,0.0009762295015669292,0.0,0.0392156862745098,2,0,0.012155197682979712,2,0.177325,8
533,tiatariene,0.0009759210045262155,0.0,0.0392156862745098,2,0,0.012155074284163427,2,0.7578666666666667,3
535,DaleMYChen,0.0009752470558381254,0.0,0.0392156862745098,2,0,0.012154804704688191,2,0.5404,3
540,scottc21,0.0009717853175195372,0.0,0.0392156862745098,2,0,0.012153420009360757,2,-0.21989999999999998,5
542,yudshj,0.000971613243327825,0.0,0.0392156862745098,2,0,0.012153351179684071,2,0.19720000000000001,3
545,AkshatRaj00,0.0009709534041344645,0.0,0.0392156862745098,2,0,0.012153087244006726,2,0.29157500000000003,4
550,caolonghao,0.0009687992722891839,0.0,0.0392156862745098,2,0,0.012152225591268615,2,0.21953333333333336,3
551,tsjain,0.000967363787098076,0.0,0.0392156862745098,2,0,0.012151651397192171,2,0.22552499999999998,4
558,chenshenmsft,0.0009656112842267578,0.0,0.0392156862745098,2,0,0.012150950396043645,2,0.2978,3
561,madhusshivakumar,0.000965328488749572,0.0,0.0392156862745098,2,1,0.01215083727785277,3,0.20309999999999997,5
566,natbprice,0.0009629913684017274,0.0,0.0392156862745098,2,0,0.012149902429713632,2,0.7618,3
567,wshijiang,0.0009619413778869714,0.0,0.0392156862745098,2,0,0.01214948243350773,2,0.16665999999999997,5
568,dwight-nwaigwe,0.0009602215960404096,0.0,0.0392156862745098,2,0,0.012148794520769104,2,0.06207500000000002,4
572,iamsoroush,0.0009456595671268071,1.539340722834464e-05,0.0392156862745098,2,1,0.012147587731372167,3,0.4867333333333333,3
573,minqichen12138,0.0009562794553172849,0.0,0.0392156862745098,2,0,0.012147217664479855,2,0.22870000000000001,3
574,O-Memis,0.0009560950100989571,0.0,0.0392156862745098,2,0,0.012147143886392524,2,-0.313525,4
575,Rivilyo-Sitanggang,0.0009557582435289661,0.0,0.0392156862745098,2,0,0.012147009179764528,2,-0.156,4
577,tosa-no-onchan,0.0009544919801451746,2.9122662323895263e-07,0.0392156862745098,2,1,0.012146590042397983,3,-0.004479999999999995,5
578,lo-zed,0.0009538500836886358,0.0,0.0392156862745098,2,0,0.012146245915828396,2,-0.07282,5
579,nokados,0.0009534423405416014,0.0,0.0392156862745098,2,0,0.012146082818569581,2,-0.4354333333333333,3
581,alt0kernel,0.0009525925850694873,0.0,0.0392156862745098,2,0,0.012145742916380736,2,0.39095,4
582,Regenhardt,0.0009485827510208141,3.4947194788674315e-06,0.0392156862745098,2,1,0.012145187398604927,3,0.167075,4
583,Krovatkin,0.0009505750912940411,0.0,0.0392156862745098,2,0,0.012144935918870557,2,-0.6895333333333333,3
584,apasagic,0.0009505750912940411,0.0,0.0392156862745098,2,0,0.012144935918870557,2,0.5707,3
586,akramIOT,0.0009488867401156524,0.0,0.0392156862745098,2,0,0.012144260578399202,2,-0.10113333333333335,3
587,lwind18,0.0009488867401156524,0.0,0.0392156862745098,2,0,0.012144260578399202,2,0.0948,3
588,mrtnlowry,0.0009471368744078971,0.0,0.0392156862745098,2,0,0.0121435606321161,2,0.11453333333333332,3
589,gcelano,0.0009471368744078971,0.0,0.0392156862745098,2,0,0.0121435606321161,2,-0.2279,3
590,ananthanarayanan431,0.0009468943998424254,0.0,0.0392156862745098,2,0,0.01214346364228991,2,0.313875,4
591,FNICKE,0.0009454485232295083,0.0,0.0392156862745098,2,0,0.012142885291644744,2,0.3291,3
594,y-vectorfield,0.0009444397763417853,0.0,0.0392156862745098,2,0,0.012142481792889655,2,0.5228333333333334,3
595,SuryanarayanaY,0.0009634109745847372,0.00840349679478131,0.0196078431372549,1,126,0.008788766369444758,8,0.4159689768976898,303
596,mpetteno,0.0015296666043846155,0.0,0.0196078431372549,1,0,0.006494219582930317,1,0.23048000000000002,15
597,nkovela1,0.0009446658621696806,0.0006865667642858308,0.0196078431372549,1,16,0.006466189315330092,7,0.3376972222222222,36
598,td-jakubl,0.000992007509537859,0.0004551289667978352,0.0196078431372549,1,2,0.006415694635030965,2,0.04754999999999998,4
599,pwuertz,0.000992007509537859,0.00028629033197505235,0.0196078431372549,1,3,0.00636504304458413,3,0.034583333333333334,6
601,IvanUkhov,0.000992007509537859,0.00019133589146799187,0.0196078431372549,1,1,0.006336556712432012,2,0.22729999999999997,3
602,pmasousa,0.0010995393285072104,0.0,0.0196078431372549,1,1,0.006322168672579355,1,0.79406,5
603,lkarthee,0.0010995393285072104,0.0,0.0196078431372549,1,0,0.006322168672579355,1,0.0937,6
604,IMvision12,0.0010457734190225346,2.6907953193835242e-05,0.0196078431372549,1,4,0.006308734694743635,3,0.32545,8
605,park,0.000992007509537859,8.410492503403112e-05,0.0196078431372549,1,2,0.006304387422501823,2,0.13996000000000003,5
606,MicheleCattaneo,0.0010457734190225346,0.0,0.0196078431372549,1,1,0.0063006623087854844,2,0.4100142857142857,7
609,Surya2k1,0.0010107639574885162,1.7910437329195586e-05,0.0196078431372549,1,10,0.006292031655370635,4,0.1947952380952381,21
612,bhack,0.0010034520147655637,0.0,0.0196078431372549,1,10,0.006283733747082696,6,0.1211560975609756,41
616,MoFHeka,0.000992007509537859,0.0,0.0196078431372549,1,2,0.006279155944991614,2,0.58924,5
619,suksia,0.000992007509537859,0.0,0.0196078431372549,1,0,0.006279155944991614,1,0.4513,3
620,aaarrti,0.0009885803491162912,4.077172725345337e-06,0.0196078431372549,1,1,0.006279008232640591,2,0.3714,6
622,Frightera,0.000986443286985254,6.115759088018005e-06,0.0196078431372549,1,1,0.006278764983696977,2,0.03817499999999999,4
623,MarcosAsh,0.0009819998096865785,1.0484158436602295e-05,0.0196078431372549,1,3,0.006278298112582082,2,0.4595,9
624,AlanBogarin,0.0009819998096865785,9.319251943646484e-06,0.0196078431372549,1,2,0.006277948640634196,3,0.30335,6
625,h4ck4l1,0.0009412276452835367,5.8737005959752376e-05,0.0196078431372549,1,2,0.006276465101077811,3,-0.17795555555555556,9
629,yosemite1998,0.0009667325261884926,0.0,0.0196078431372549,1,0,0.0062690459516518676,1,0.4519,3
631,abheesht17,0.0009500600583019043,2.0610524164653875e-05,0.0196078431372549,1,11,0.006268560121746629,4,0.31440555555555555,18
634,mishc9,0.000963171160421579,5.824532464779053e-07,0.0196078431372549,1,2,0.006267796141319046,3,0.31875,6
636,lmntrx-sys,0.0009618785165506251,0.0,0.0196078431372549,1,0,0.006267104347796721,1,-0.03746666666666666,6
638,Belencostanza,0.0009572988101857001,0.0,0.0196078431372549,1,0,0.006265272465250751,1,0.15080000000000002,3
640,loki4514,0.0009572355508100563,0.0,0.0196078431372549,1,1,0.006265247161500493,2,-0.008859999999999979,5
642,xhluca,0.0009572355508100563,0.0,0.0196078431372549,1,0,0.006265247161500493,1,0.3272,3
643,cb0s,0.0009572355508100563,0.0,0.0196078431372549,1,0,0.006265247161500493,1,0.3256666666666667,3
644,kevinkotzen,0.0009545442037312784,0.0,0.0196078431372549,1,0,0.006264170622668982,1,-0.14900000000000002,3
649,longsc2603,0.0009478779932279292,0.0,0.0196078431372549,1,0,0.006261504138467642,1,-0.037300000000000035,3
650,hslee2008,0.0009477385754316198,0.0,0.0196078431372549,1,0,0.006261448371349118,1,-0.7684000000000001,3
652,coder-monishr,0.0009471997357442432,0.0,0.0196078431372549,1,1,0.0062612328354741675,2,0.28306,5
653,jayaBalaR,0.000947105443739724,0.0,0.0196078431372549,1,1,0.00626119511867236,2,0.7283000000000001,5
658,eric,0.0009466833559451268,0.0,0.0196078431372549,1,0,0.006261026283554521,1,-0.19692499999999996,4
659,gianlucasama,0.0009466833559451268,0.0,0.0196078431372549,1,1,0.006261026283554521,2,0.26530000000000004,4
662,sataliulan,0.0009442136905138899,2.4962281991910226e-07,0.0196078431372549,1,1,0.0062601133042280025,2,-0.17859999999999998,4
663,tanwarsh,0.0009442136905138899,0.0,0.0196078431372549,1,0,0.006260038417382026,1,0.19391999999999998,5
666,de-odex,0.0009441508291775438,0.0,0.0196078431372549,1,0,0.006260013272847488,1,0.307475,4
668,yajuna,0.0009426735218964537,1.7473597394337158e-06,0.0196078431372549,1,2,0.006259946557856882,3,-0.5891666666666667,3
676,mocher72,0.0009414537311114319,0.0,0.0196078431372549,1,1,0.0062589344336210434,2,0.27743333333333337,3
681,wangpengmit,0.0009382416000531833,0.0,0.0,0,4,0.00037529664002127334,4,0.22456666666666666,6
682,JyotinderSingh,0.0009382416000531833,0.0,0.0,0,10,0.00037529664002127334,5,0.3522933333333333,15
683,whitakercaleb09-dev,0.0009382416000531833,0.0,0.0,0,7,0.00037529664002127334,5,0.557325,8
684,PES2UG23CS205,0.0009382416000531833,0.0,0.0,0,3,0.00037529664002127334,3,0.758,4
685,danielenricocahall,0.0009382416000531833,0.0,0.0,0,7,0.00037529664002127334,4,0.33747,10
687,praveenhosdrug123,0.0009382416000531833,0.0,0.0,0,1,0.00037529664002127334,1,0.6722,3
688,tripathi-genius,0.0009382416000531833,0.0,0.0,0,6,0.00037529664002127334,4,0.16578333333333334,6
689,dataCenter430,0.0009382416000531833,0.0,0.0,0,5,0.00037529664002127334,4,0.70336,10
691,chsigg,0.0009382416000531833,0.0,0.0,0,3,0.00037529664002127334,2,0.3322,3
692,tomerk,0.0009382416000531833,0.0,0.0,0,6,0.00037529664002127334,3,0.15814444444444448,9
693,pandyah5,0.0009382416000531833,0.0,0.0,0,2,0.00037529664002127334,2,0.06111428571428572,7
694,reedwm,0.0009382416000531833,0.0,0.0,0,6,0.00037529664002127334,3,0.33239,10
695,tilakrayal,0.0009382416000531833,0.0,0.0,0,52,0.00037529664002127334,6,0.49615714285714285,105
696,chunduriv,0.0009382416000531833,0.0,0.0,0,33,0.00037529664002127334,5,0.5523923076923076,65
698,Sikandar1310291,0.0009382416000531833,0.0,0.0,0,3,0.00037529664002127334,3,0.3361666666666667,3
700,sanatmpa1,0.0009382416000531833,0.0,0.0,0,25,0.00037529664002127334,5,0.5094,51
701,Saumay,0.0009382416000531833,0.0,0.0,0,5,0.00037529664002127334,4,0.27436666666666665,9
703,rahulrathnavel,0.0009382416000531833,0.0,0.0,0,3,0.00037529664002127334,2,0.7191666666666666,3
704,rajveer43,0.0009382416000531833,0.0,0.0,0,2,0.00037529664002127334,2,0.27736666666666665,6
705,rchao,0.0009382416000531833,0.0,0.0,0,14,0.00037529664002127334,4,0.30146666666666666,24
706,sushreebarsa,0.0009382416000531833,0.0,0.0,0,56,0.00037529664002127334,7,0.5479622448979592,98
707,sonali-kumari1,0.0009382416000531833,0.0,0.0,0,85,0.00037529664002127334,7,0.5226445086705203,173
708,sanskarmodi8,0.0009382416000531833,0.0,0.0,0,3,0.00037529664002127334,2,0.23975000000000002,6
709,Siddharth-Latthe-07,0.0009382416000531833,0.0,0.0,0,3,0.00037529664002127334,2,0.8969999999999999,3
710,amitsrivastava78,0.0009382416000531833,0.0,0.0,0,10,0.00037529664002127334,5,0.32646875,16
711,bittoby,0.0009382416000531833,0.0,0.0,0,3,0.00037529664002127334,2,0.5282,4
712,MoritzTho,0.0009382416000531833,0.0,0.0,0,1,0.00037529664002127334,1,0.06559999999999999,3
713,WingsBrokenAngel,0.0009382416000531833,0.0,0.0,0,2,0.00037529664002127334,2,0.4366,4
714,gowthamkpr,0.0009382416000531833,0.0,0.0,0,25,0.00037529664002127334,5,0.4914833333333333,36
715,dev-miro26,0.0009382416000531833,0.0,0.0,0,4,0.00037529664002127334,4,0.29295,4
716,dhantule,0.0009382416000531833,0.0,0.0,0,111,0.00037529664002127334,8,0.4369262711864407,236
717,dugujiujian1999,0.0009382416000531833,0.0,0.0,0,11,0.00037529664002127334,5,0.07391111111111111,18
719,jeffcarp,0.0009382416000531833,0.0,0.0,0,15,0.00037529664002127334,6,0.24375,30
721,goyaladitya05,0.0009382416000531833,0.0,0.0,0,3,0.00037529664002127334,3,-0.2931625,8
723,innat-asj,0.0009382416000531833,0.0,0.0,0,2,0.00037529664002127334,2,0.2039,3
725,ArjunSrivastava1,0.0009382416000531833,0.0,0.0,0,3,0.00037529664002127334,2,0.23404999999999998,4
727,ianstenbit,0.0009382416000531833,0.0,0.0,0,3,0.00037529664002127334,2,0.5306000000000001,3
730,MalyalaKarthik66,0.0009382416000531833,0.0,0.0,0,11,0.00037529664002127334,6,0.5000939393939394,33
731,ChiragSW,0.0009382416000531833,0.0,0.0,0,12,0.00037529664002127334,5,0.36283793103448275,29
732,Cheril311,0.0009382416000531833,0.0,0.0,0,4,0.00037529664002127334,2,0.05312,5
733,harshaljanjani,0.0009382416000531833,0.0,0.0,0,14,0.00037529664002127334,4,0.5608961538461539,26
738,bitloi,0.0009382416000531833,0.0,0.0,0,2,0.00037529664002127334,2,0.528725,8
739,Grvzard,0.0009382416000531833,0.0,0.0,0,13,0.00037529664002127334,4,0.15965263157894738,19
740,monicadsong,0.0009382416000531833,0.0,0.0,0,28,0.00037529664002127334,5,0.7654676470588235,34
743,fjmscut,0.0009382416000531833,0.0,0.0,0,2,0.00037529664002127334,2,0.65096,5
744,M7Saad,0.0009382416000531833,0.0,0.0,0,3,0.00037529664002127334,3,0.2495666666666667,3
745,Abhinavexists,0.0009382416000531833,0.0,0.0,0,6,0.00037529664002127334,4,0.15336,15
747,mehtamansi29,0.0009382416000531833,0.0,0.0,0,87,0.00037529664002127334,7,0.3099701357466063,221
748,k-w-w,0.0009382416000531833,0.0,0.0,0,4,0.00037529664002127334,2,-0.03807500000000001,4
749,gadagashwini,0.0009382416000531833,0.0,0.0,0,17,0.00037529664002127334,4,0.20046285714285716,35
751,maitry63,0.0009382416000531833,0.0,0.0,0,7,0.00037529664002127334,5,0.35631999999999997,25
752,LakshmiKalaKadali,0.0009382416000531833,0.0,0.0,0,6,0.00037529664002127334,3,0.73488,10
753,lucasdavid,0.0009382416000531833,0.0,0.0,0,4,0.00037529664002127334,3,0.35187999999999997,5
754,VarunS1997,0.0009382416000531833,0.0,0.0,0,7,0.00037529664002127334,4,0.3508714285714286,7
755,kumariko,0.0009382416000531833,0.0,0.0,0,13,0.00037529664002127334,3,0.4807521739130435,23
756,kernel-loophole,0.0009382416000531833,0.0,0.0,0,3,0.00037529664002127334,2,0.445675,8
757,SamanehSaadat,0.0009382416000531833,0.0,0.0,0,18,0.00037529664002127334,6,0.26023684210526316,38
758,ymodak,0.0009382416000531833,0.0,0.0,0,2,0.00037529664002127334,2,0.6175,3
