rank,user,pagerank,betweenness,norm_indegree,in_degree,out_degree,composite,core_number
1,glemaitre,0.016386263859721303,0.06663079444482044,1.0,51,266,0.32654374387733465,10
2,adrinjalali,0.013700946217587603,0.05345519559431921,0.8431372549019608,43,227,0.27445811363591904,10
3,lesteve,0.0164256462282614,0.03546426838253225,0.803921568627451,41,164,0.2583860095942995,10
4,lorentzenchr,0.01198151154224551,0.02966014471690128,0.803921568627451,41,88,0.2548671186202039,10
5,StefanieSenger,0.01367031351815753,0.026062257925255166,0.803921568627451,41,52,0.25446327337307484,10
6,ogrisel,0.018539663859161257,0.031957812361330336,0.7843137254901961,40,196,0.25229732689912243,10
7,jeremiedbb,0.009286824991516096,0.030965416658810696,0.5686274509803921,29,119,0.18359259028836727,10
8,lucyleeow,0.007159751961481727,0.019953759287308092,0.5294117647058824,27,28,0.16767355798254982,10
9,jjerphan,0.009100556259155915,0.01324703359145504,0.5294117647058824,27,26,0.16643786199286356,10
10,scikit-learn-bot,0.015271451965886758,0.0,0.49019607843137253,25,0,0.15316740431576645,10
11,ArturoAmorQ,0.004233572545347221,0.00405051499132537,0.45098039215686275,23,9,0.1382027011625953,10
12,betatim,0.004729324685750429,0.021372170747442125,0.35294117647058826,18,138,0.11418573403970927,10
13,adam2392,0.004372595517065843,0.014250492524684365,0.3333333333333333,17,29,0.10602418596423163,10
14,antoinebaker,0.004016389153220255,0.005642322412882877,0.3137254901960784,16,8,0.0974168994439765,10
15,cakedev0,0.003487529868808827,0.0043155055595348905,0.29411764705882354,15,12,0.09092495773303107,10
16,amueller,0.004562999094971749,0.008499386584519705,0.2549019607843137,13,5,0.08084560384863872,9
17,howarth,0.003703610760337774,0.0,0.23529411764705882,12,0,0.07206967959825275,4
18,GaelVaroquaux,0.0023265221355799636,0.009292829916621843,0.21568627450980393,11,25,0.06842434018215972,10
19,Remi-Gau,0.002354206400990245,0.00597929143786838,0.21568627450980393,11,4,0.0674413523446978,10
20,reshamas,0.0018901451200873927,0.0,0.21568627450980393,11,0,0.06546194040097614,10
21,DeaMariaLeon,0.0018910476143449099,0.011090784714561073,0.19607843137254902,10,12,0.062907183871871,10
22,koaning,0.0021066417665438126,0.001438679647124475,0.19607843137254902,10,2,0.060097790012519574,10
23,larsoner,0.003053921579049459,0.0,0.19607843137254902,10,0,0.06004509804338449,7
24,stefan6419846,0.0015190113064967956,0.0,0.19607843137254902,10,0,0.059431133934363424,9
25,thomasjpfan,0.002087760363373958,0.009392413823745182,0.17647058823529413,9,58,0.056594004763061374,10
26,lithomas1,0.0023978408047573,0.00035922861664387096,0.17647058823529413,9,1,0.054008081377484314,7
27,cbourjau,0.0023886253659657106,0.0,0.17647058823529413,9,0,0.053896626616974516,6
28,AndrewYRoyal,0.0021064333293666568,0.0,0.17647058823529413,9,0,0.0537837498023349,7
29,fkiraly,0.0018749900205483321,1.5561621758655655e-06,0.17647058823529413,9,1,0.05369163932746033,7
30,Micky774,0.0021269339369531003,0.01031198911424453,0.1568627450980392,8,24,0.05100319383846636,9
31,jeromedockes,0.0013177111152329688,0.009833911566817774,0.1568627450980392,8,5,0.05053608144555028,8
32,Charlie-XIAO,0.0023238352732006676,0.0052659588056252595,0.1568627450980392,8,34,0.04956814528037961,10
33,mayer79,0.002667230715232318,0.003958066561677003,0.1568627450980392,8,2,0.04931313578400779,5
34,david-cortes-intel,0.0013904754154372703,0.005105350267609887,0.1568627450980392,8,1,0.049146618775869635,7
35,Wainberg,0.0020203448981432484,0.0,0.1568627450980392,8,0,0.04786696148866906,7
36,DocInspector,0.0019844888300339513,0.0,0.1568627450980392,8,0,0.04785261906142534,7
37,Clarit7,0.00198237923080929,0.0,0.1568627450980392,8,0,0.04785177522173548,6
38,tvdboom,0.0019150285195894256,0.0,0.1568627450980392,8,0,0.04782483493724753,6
39,aperezlebel,0.0018561960937432326,0.0,0.1568627450980392,8,0,0.04780130196690906,6
40,miguelcsilva,0.0016900667664990412,2.0371577574967405e-06,0.1568627450980392,8,1,0.04773546138333863,6
41,jolespin,0.0016427476606793306,0.0,0.1568627450980392,8,0,0.0477159225936835,7
42,louisabraham,0.0013219671221189932,0.0,0.1568627450980392,8,0,0.047587610378259364,6
43,lcrmorin,0.0021713401840939874,0.0030104184860618687,0.13725490196078433,7,3,0.04294813220769145,6
44,marenwestermann,0.0014105351326828643,0.0038824361615753073,0.13725490196078433,7,6,0.04290541548978103,10
45,snath-xoc,0.0015951417340944222,0.003017991441198384,0.13725490196078433,7,5,0.042719924714232575,7
46,AnneBeyer,0.0025260397526043455,0.0009289077297491962,0.13725490196078433,7,17,0.04246555880820179,8
47,antipisa,0.0027911398876759408,0.0,0.13725490196078433,7,0,0.04229292654330567,4
48,sroener,0.0022654890918505617,0.0,0.13725490196078433,7,0,0.042082666224975515,5
49,rebeccaherman1,0.002129360506700154,0.0,0.13725490196078433,7,0,0.042028214790915355,5
50,dholzmueller,0.002097406192474095,0.0,0.13725490196078433,7,0,0.042015433065224934,6
51,albin02t,0.0018940701935773016,0.0,0.13725490196078433,7,0,0.04193409866566621,4
52,mirusu400,0.001562280241508719,0.0,0.13725490196078433,7,0,0.04180138268483878,5
53,MarcBresson,0.0018009283232006653,0.004082237580814116,0.11764705882352941,6,2,0.037239160250583325,4
54,GaetandeCast,0.0016775823713176907,0.0010964953132066582,0.11764705882352941,6,3,0.036294099189547895,7
55,UnixJunkie,0.002188457067776104,0.0,0.11764705882352941,6,0,0.03616950047416927,5
56,CanePlayz,0.0021496206081002933,0.0,0.11764705882352941,6,0,0.03615396589029894,3
57,ZeyuSun,0.002000573890251207,0.0,0.11764705882352941,6,0,0.03609434720315931,4
58,dkobak,0.0012504482976147169,0.0009208158224974959,0.11764705882352941,6,6,0.03607054171285396,5
59,lucolivi,0.0016928730462052368,0.0,0.11764705882352941,6,0,0.03597126686554092,5
60,arabel1a,0.001656852911650103,0.0,0.11764705882352941,6,0,0.03595685881171887,4
61,JasonLiJT,0.0015476153555057301,0.0,0.11764705882352941,6,0,0.03591316378926111,5
62,virgile-fsr,0.0015268484086595699,0.0,0.11764705882352941,6,0,0.03590485701052265,5
63,ngoldbaum,0.001416223542055122,9.181356837606839e-05,0.11764705882352941,6,3,0.03588815113439369,6
64,Jacob-Stevens-Haas,0.0014797884924494303,0.0,0.11764705882352941,6,0,0.0358860330440386,5
65,j-adamczyk,0.0014394370671309887,0.0,0.11764705882352941,6,0,0.035869892473911216,5
66,samedley-dev,0.001381768281435694,0.0,0.11764705882352941,6,0,0.0358468249596331,5
67,uhoenig,0.0012702960756120181,0.0,0.11764705882352941,6,0,0.03580223607730363,4
68,qmarcou,0.001207189275123402,0.0,0.11764705882352941,6,0,0.03577699335710818,6
69,virchan,0.0014352873946503462,0.015187541646729993,0.09803921568627451,5,41,0.03454214215776149,10
70,jondo,0.0013467992717401747,0.0036806722915089522,0.09803921568627451,5,1,0.031054686102031107,5
71,xuefeng-xu,0.0013291698316703425,0.0036923549836583584,0.09803921568627451,5,2,0.031051139133647997,5
72,gautamvarmadatla,0.0011830476547213813,0.0034120561581448138,0.09803921568627451,5,3,0.03090860061521435,6
73,conradstevens,0.0018539702355458267,0.0019163477005770442,0.09803921568627451,5,1,0.030728257110273795,5
74,MarcoGorelli,0.001708649555480592,0.001934291500025638,0.09803921568627451,5,7,0.03067551197808228,4
75,sergiopasra,0.0016762731375484458,0.0017638343225004456,0.09803921568627451,5,2,0.030611424257651863,5
76,ghost,0.0019325849734097309,0.0014014965584086348,0.09803921568627451,5,5,0.030605247662768835,6
77,ArturoSbr,0.0025117363529894377,0.0,0.09803921568627451,5,0,0.03041645924707813,4
78,hswong3i,0.0023180040590330586,0.0,0.09803921568627451,5,0,0.030338966329495575,5
79,Aaraviitkgp,0.0016217898505563237,0.0005879213771162927,0.09803921568627451,5,4,0.03023685705923977,5
80,CameronBieganek,0.0019473260691345335,0.0,0.09803921568627451,5,0,0.030190695133536165,3
81,maxrdu,0.001899939383497137,0.0,0.09803921568627451,5,0,0.030171740459281206,3
82,Thomas1664,0.0018257452411620117,0.0,0.09803921568627451,5,0,0.030142062802347158,2
83,beijbom,0.0017914519567537456,0.0,0.09803921568627451,5,0,0.03012834548858385,4
84,hardik1408,0.0017862435589726926,0.0,0.09803921568627451,5,0,0.03012626212947143,3
85,Radu1999,0.0017826152292458937,0.0,0.09803921568627451,5,0,0.03012481079758071,3
86,gorj-tessella,0.0017524889937269683,0.0,0.09803921568627451,5,0,0.03011276030337314,5
87,CompRhys,0.001626541771743243,0.0,0.09803921568627451,5,0,0.03006238141457965,4
88,yonil7,0.0015928266895306033,0.0,0.09803921568627451,5,0,0.030048895381694595,3
89,fickas,0.0014677665270289267,0.0,0.09803921568627451,5,0,0.029998871316693924,5
90,fkay-codec,0.0014380438581552306,0.0,0.09803921568627451,5,0,0.029986982249144443,4
91,sktin,0.001178107630598933,0.0003280389866724613,0.09803921568627451,5,1,0.029981419454123664,5
92,I-Al-Istannen,0.0014012625862006027,0.0,0.09803921568627451,5,0,0.029972269740362593,3
93,ethanresnick,0.0013984517927485207,0.0,0.09803921568627451,5,0,0.029971145422981762,4
94,jameslamb,0.0013449573210066528,0.0,0.09803921568627451,5,1,0.029949747634285012,5
95,peter-avg,0.001342032420569493,0.0,0.09803921568627451,5,0,0.02994857767411015,5
96,Vincent-Maladiere,0.0011216520201838664,0.00027259900968852244,0.09803921568627451,5,1,0.029942205216862455,5
97,naveenmarthala,0.0013195487779587268,0.0,0.09803921568627451,5,0,0.029939584217065843,4
98,arhall0,0.0013175036119537366,0.0,0.09803921568627451,5,0,0.029938766150663848,4
99,slimebob1975,0.0012684254093277539,0.0,0.09803921568627451,5,0,0.029919134869613454,4
100,Teagum,0.0012607080429070507,0.0,0.09803921568627451,5,0,0.029916047923045173,4
101,fingoldo,0.0011696851727140466,3.862111581920904e-05,0.09803921568627451,5,1,0.029891225109713735,5
102,bioruffo,0.0011382696287328357,0.0,0.09803921568627451,5,0,0.029867072557375487,4
103,Sana3883,0.0011283589442930143,0.0,0.09803921568627451,5,0,0.02986310828359956,4
104,m-kaka,0.001074801908874874,0.0,0.09803921568627451,5,0,0.029841685469432302,5
105,zachmayer,0.0029609528289160554,0.0,0.0784313725490196,4,0,0.024713792896272305,3
106,markusloecher,0.0022566475419356887,0.0,0.0784313725490196,4,0,0.02443207078148016,4
107,tahamukhtar20,0.002210408054091358,0.0,0.0784313725490196,4,0,0.024413574986342425,2
108,bnomis,0.0021618946066221827,0.0,0.0784313725490196,4,0,0.024394169607354754,4
109,oasidorshin,0.0011398153309569326,0.0011583829330783781,0.0784313725490196,4,1,0.02433285277701217,4
110,sebhoerl,0.0018773563607508523,0.0,0.0784313725490196,4,0,0.024280354309006224,4
111,JCoder01,0.0018442087122216657,0.0,0.0784313725490196,4,0,0.02426709524959455,3
112,KormiSK,0.0018042256771043307,0.0,0.0784313725490196,4,0,0.024251102035547614,3
113,opennog,0.001792332990983311,0.0,0.0784313725490196,4,0,0.024246344961099207,3
114,AryamanBhatia,0.0016575272987191733,0.0,0.0784313725490196,4,0,0.02419242268419355,3
115,MatthiasLoefflerQC,0.001640953491293765,0.0,0.0784313725490196,4,0,0.02418579316122339,3
116,alexshtf,0.0014540660862646959,0.00023364932991521982,0.0784313725490196,4,2,0.024181132998186326,3
117,luispedro,0.0016002353974915592,0.0,0.0784313725490196,4,0,0.024169505923702504,2
118,tmcclintock,0.0015446353277017032,0.0,0.0784313725490196,4,0,0.024147265895786564,4
119,fpt-ian,0.001453930807065991,0.0,0.0784313725490196,4,0,0.02411098408753228,3
120,darshanp4,0.001453671151806372,0.0,0.0784313725490196,4,0,0.02411088022542843,4
121,mdoman,0.0014472733279561867,0.0,0.0784313725490196,4,0,0.02410832109588836,3
122,kara-liu,0.001410138360576352,0.0,0.0784313725490196,4,0,0.024093467108936423,3
123,gona11,0.0014014645457767429,0.0,0.0784313725490196,4,0,0.024089997583016578,3
124,kjelljorner,0.0013854869293627213,0.0,0.0784313725490196,4,0,0.02408360653645097,3
125,gjain-7,0.0013697124391100631,1.791944323723985e-05,0.0784313725490196,4,1,0.024082672573321078,4
126,david-cortes,0.0013568424108594294,0.0,0.0784313725490196,4,0,0.024072148729049656,4
127,buhrmann,0.0013544218398737354,0.0,0.0784313725490196,4,0,0.024071180500655376,4
128,atharva-kelkar,0.001335756622497053,0.0,0.0784313725490196,4,0,0.024063714413704702,4
129,hirschmichael,0.0013251023834359307,0.0,0.0784313725490196,4,0,0.024059452718080254,3
130,TamaraAtanasoska,0.0010238442025568627,0.00027222126831501816,0.0784313725490196,4,1,0.024020615826223134,4
131,codeMaestro78,0.0012230092398781713,0.0,0.0784313725490196,4,0,0.02401861546065715,4
132,tataganesh,0.0012148193026821684,0.0,0.0784313725490196,4,0,0.02401533948577875,3
133,mglowacki100,0.001197275872584032,0.0,0.0784313725490196,4,0,0.024008322113739496,4
134,jinlow,0.0011839739542130248,0.0,0.0784313725490196,4,0,0.024003001346391092,3
135,DimitriPapadopoulos,0.0011693380322021513,1.5420152469940605e-05,0.0784313725490196,4,1,0.024001773023327726,4
136,jschubnell,0.0011715631435959266,0.0,0.0784313725490196,4,0,0.02399803702214425,3
137,blitchj,0.0011636213856812733,0.0,0.0784313725490196,4,0,0.023994860318978392,4
138,atheendre130505,0.0011468784582479867,0.0,0.0784313725490196,4,0,0.023988163148005077,4
139,ale-dg,0.0011462970423207217,0.0,0.0784313725490196,4,0,0.02398793058163417,4
140,kmache,0.0011430674978194196,0.0,0.0784313725490196,4,0,0.02398663876383365,3
141,FlorinAndrei,0.0009584191279687114,0.000243852633947973,0.0784313725490196,4,1,0.02398593520607776,4
142,s-banach,0.0011367453398436814,0.0,0.0784313725490196,4,0,0.023984109900643355,4
143,pwoller,0.0011317567392612282,0.0,0.0784313725490196,4,0,0.023982114460410372,4
144,wangt1anyu,0.0011231937804783484,0.0,0.0784313725490196,4,0,0.02397868927689722,4
145,AhmedThahir,0.0010980507180679815,2.7751558802935916e-05,0.0784313725490196,4,1,0.023976957519573957,4
146,MuhammadNizamani,0.0011012950000783529,0.0,0.0784313725490196,4,0,0.023969929764737222,4
147,fedorkobak,0.0010830796655547242,0.0,0.0784313725490196,4,0,0.02396264363092777,4
148,timvink,0.0010746401088962802,0.0,0.0784313725490196,4,0,0.023959267808264396,4
149,awni,0.0010691400579583173,0.0,0.0784313725490196,4,0,0.023957067787889207,4
150,boyleconnor,0.001053428795952525,0.0,0.0784313725490196,4,0,0.02395078328308689,3
151,bryant1410,0.001053284758562952,0.0,0.0784313725490196,4,0,0.023950725668131063,4
152,sandeepgupta12,0.001045839023912622,0.0,0.0784313725490196,4,0,0.023947747374270932,4
153,DhanusML,0.0010415487675267516,0.0,0.0784313725490196,4,0,0.023946031271716583,4
154,qbarthelemy,0.0010279146238093017,0.0,0.0784313725490196,4,0,0.023940577614229602,4
155,rahimHub,0.0010270730211736588,0.0,0.0784313725490196,4,0,0.023940240973175344,4
156,mapa17,0.0010240199222217993,0.0,0.0784313725490196,4,0,0.0239390197335946,4
157,steppi,0.0010238988639208173,0.0,0.0784313725490196,4,0,0.02393897131027421,4
158,gilramot,0.0010185496855388261,0.0,0.0784313725490196,4,0,0.02393683163892141,4
159,maxnoe,0.0009386409555708819,8.884675529272989e-05,0.0784313725490196,4,1,0.023931522173522055,5
160,ncooder,0.0010005447171497202,0.0,0.0784313725490196,4,0,0.02392962965156577,4
161,clementinodemendonca,0.0009986401528020985,0.0,0.0784313725490196,4,0,0.023928867825826722,4
162,acampove,0.0009840923178328206,0.0,0.0784313725490196,4,0,0.023923048691839012,4
163,tianhuil,0.0009825422631012399,0.0,0.0784313725490196,4,0,0.02392242866994638,4
164,Julian-J-S,0.0009739547293577291,0.0,0.0784313725490196,4,0,0.023918993656448975,4
165,linuxl7,0.0009734516014248467,0.0,0.0784313725490196,4,0,0.02391879240527582,4
166,NusretOzates,0.0009424138163056138,0.0,0.0784313725490196,4,0,0.023906377291228128,4
167,Carreau,0.0010042124029149618,0.006532698940004246,0.058823529411764705,3,1,0.02000855346669667,3
168,glevv,0.0010877439101746114,0.0016829351180986146,0.058823529411764705,3,31,0.018587036923028842,8
169,cleboo,0.002209974453806404,0.0,0.058823529411764705,3,0,0.01853104860505197,3
170,dkobayas-cyber,0.0021201443628373305,0.0,0.058823529411764705,3,0,0.018495116568664344,3
171,nicklamiller,0.00208098356712705,0.0,0.058823529411764705,3,0,0.01847945225038023,3
172,eddiebergman,0.0011664362516059688,0.0010676357736739096,0.058823529411764705,3,2,0.018433924056273972,3
173,LiorxCohen,0.0019072717897485095,0.0,0.058823529411764705,3,0,0.018409967539428817,3
174,zchlewis,0.0018705206381853217,0.0,0.058823529411764705,3,0,0.01839526707880354,3
175,cottnich,0.0018012494715344979,0.0,0.058823529411764705,3,0,0.01836755861214321,3
176,worthy7,0.0017704943964809406,0.0,0.058823529411764705,3,0,0.01835525658212179,2
177,adamwitmer,0.0017037020584301538,0.0,0.058823529411764705,3,0,0.018328539646901475,3
178,tolyanchik5,0.0016598763175044867,0.0,0.058823529411764705,3,0,0.018311009350531208,2
179,Korne127,0.0016308763427842932,0.0,0.058823529411764705,3,0,0.01829940936064313,2
180,gianlucadetommaso,0.0015833044380528152,0.0,0.058823529411764705,3,0,0.018280380598750538,2
181,dherrera1911,0.0015354122342706765,0.0,0.058823529411764705,3,0,0.018261223717237682,2
182,folmos-at-orange,0.0015142283454794327,0.0,0.058823529411764705,3,0,0.018252750161721183,2
183,un1u3,0.0014297686783302798,7.568606946255252e-05,0.058823529411764705,3,1,0.01824167211570029,2
184,Gabriel-Kissin,0.0014376166689427175,0.0,0.058823529411764705,3,1,0.018222105491106498,3
185,Atm-Moumen,0.0014207108757842278,0.0,0.058823529411764705,3,0,0.0182153431738431,3
186,mmbannert,0.0014075547759679957,0.0,0.058823529411764705,3,0,0.01821008073391661,2
187,lciti,0.0013813181303256635,0.0,0.058823529411764705,3,0,0.018199586075659677,3
188,cacti77,0.0013693659231485574,0.0,0.058823529411764705,3,0,0.018194805192788835,2
189,OrangeAoo,0.0013625181618947975,0.0,0.058823529411764705,3,0,0.018192066088287332,2
190,NickKanellos,0.0013619564758975342,0.0,0.058823529411764705,3,0,0.018191841413888424,2
191,hubernikus,0.001343799359243661,0.0,0.058823529411764705,3,0,0.018184578567226876,2
192,cppt,0.0013284182238017467,0.0,0.058823529411764705,3,0,0.01817842611305011,2
193,tomviering,0.001327591479322593,0.0,0.058823529411764705,3,0,0.018178095415258447,3
194,JoelHuberQC,0.0013233942090011594,0.0,0.058823529411764705,3,0,0.018176416507129874,3
195,jarilappalainen,0.0013230064882272371,0.0,0.058823529411764705,3,0,0.018176261418820307,3
196,woodly0,0.0013204095014364406,0.0,0.058823529411764705,3,0,0.01817522262410399,3
197,DaMuBo,0.001305164576864795,0.0,0.058823529411764705,3,0,0.01816912465427533,2
198,martinalex000,0.001300305629637426,0.0,0.058823529411764705,3,0,0.01816718107538438,2
199,facusapienza21,0.0012834434768921425,0.0,0.058823529411764705,3,0,0.018160436214286268,2
200,nejox,0.00127381888524086,0.0,0.058823529411764705,3,0,0.018156586377625756,2
201,benHeid,0.0012738129025042027,0.0,0.058823529411764705,3,0,0.018156583984531093,3
202,LinguList,0.0012625303939702952,0.0,0.058823529411764705,3,0,0.01815207098111753,2
203,balthild,0.001246702393725324,0.0,0.058823529411764705,3,0,0.01814573978101954,2
204,johnlcf,0.0012414775363810832,0.0,0.058823529411764705,3,0,0.018143649838081845,3
205,lkwinta,0.0012278571290482234,0.0,0.058823529411764705,3,0,0.0181382016751487,2
206,ThibaultDECO,0.001226948138364828,0.0,0.058823529411764705,3,0,0.018137838078875344,2
207,vascosmota,0.001225626049832898,0.0,0.058823529411764705,3,0,0.01813730924346257,3
208,BriceChivu,0.0012213114427595316,0.0,0.058823529411764705,3,0,0.018135583400633225,3
209,ag14774,0.0012090607809295839,0.0,0.058823529411764705,3,0,0.018130683135901247,3
210,gagandeep987123,0.0012026526192586938,0.0,0.058823529411764705,3,0,0.01812811987123289,3
211,castillouparela,0.0011911947748147452,0.0,0.058823529411764705,3,0,0.01812353673345531,3
212,ankitaash,0.0011681645568743819,0.0,0.058823529411764705,3,0,0.018114324646279163,2
213,akaashp2000,0.0011656153676733003,0.0,0.058823529411764705,3,0,0.01811330497059873,3
214,giladpn,0.0011650164633357038,0.0,0.058823529411764705,3,0,0.018113065408863694,3
215,Gwihwan-Go,0.001162273527842985,0.0,0.058823529411764705,3,0,0.018111968234666605,2
216,vitorpohlenz,0.0011229286762907658,3.055736636245111e-05,0.058823529411764705,3,4,0.018105397503954453,6
217,xavierherman,0.0011434812765066821,0.0,0.058823529411764705,3,0,0.018104451334132084,2
218,rafaascensao,0.0011434812765066821,0.0,0.058823529411764705,3,0,0.018104451334132084,3
219,mlondschien,0.0011434812765066821,0.0,0.058823529411764705,3,0,0.018104451334132084,3
220,MarieSacksick,0.0011434812765066821,0.0,0.058823529411764705,3,0,0.018104451334132084,3
221,vnmabus,0.0011420393530550872,0.0,0.058823529411764705,3,0,0.018103874564751446,3
222,user799595,0.001141476965716272,0.0,0.058823529411764705,3,0,0.01810364960981592,3
223,AlexandreAbraham,0.0011324821128257587,0.0,0.058823529411764705,3,0,0.018100051668659713,3
224,ajr426,0.0011208310033409712,0.0,0.058823529411764705,3,0,0.0180953912248658,3
225,rcgale,0.0011164563916442698,0.0,0.058823529411764705,3,0,0.01809364138018712,3
226,jakirkham,0.0011006203421379138,0.0,0.058823529411764705,3,0,0.01808730696038458,3
227,mdruiter,0.001097440175755004,0.0,0.058823529411764705,3,0,0.018086034893831412,3
228,jph00,0.0010875799271828166,0.0,0.058823529411764705,3,0,0.01808209079440254,3
229,giovannicozzolongo,0.001080941106192981,0.0,0.058823529411764705,3,0,0.018079435266006603,3
230,NTSER,0.0009842972074305476,0.00012879364044618278,0.058823529411764705,3,2,0.018079415798635486,3
231,stepan-srsen,0.0010761687491882654,0.0,0.058823529411764705,3,0,0.018077526323204716,3
232,RUrlus,0.0010702540951090262,0.0,0.058823529411764705,3,1,0.018075160461573023,3
233,oryktos,0.0010668134320026851,0.0,0.058823529411764705,3,0,0.018073784196330486,3
234,MaxGhenis,0.0010596414105500755,0.0,0.058823529411764705,3,0,0.01807091538774944,3
235,JacquesSA,0.0010580675221656313,0.0,0.058823529411764705,3,0,0.018070285832395665,3
236,tillahoffmann,0.0010559878144851171,0.0,0.058823529411764705,3,0,0.01806945394932346,3
237,tiphanieH,0.0010550819726161606,0.0,0.058823529411764705,3,0,0.018069091612575874,3
238,janezd,0.0010500468371587841,0.0,0.058823529411764705,3,0,0.018067077558392926,3
239,ayaanhossain,0.001036613490272766,0.0,0.058823529411764705,3,0,0.018061704219638517,3
240,user529481,0.0010312102386952373,0.0,0.058823529411764705,3,0,0.018059542919007507,3
241,n-bes,0.0010235174750811281,0.0,0.058823529411764705,3,0,0.018056465813561864,3
242,IanTayler,0.0010218201075695263,0.0,0.058823529411764705,3,0,0.018055786866557223,3
243,sciencecw,0.001020524741114256,0.0,0.058823529411764705,3,0,0.018055268719975114,3
244,nisyad-ms,0.0010199061361844555,0.0,0.058823529411764705,3,0,0.018055021278003194,3
245,ParsifalXu,0.0010149653589278866,0.0,0.058823529411764705,3,0,0.018053044967100567,3
246,JosephBARBIERDARNAL,0.001008914674795708,0.0,0.058823529411764705,3,0,0.018050624693447696,3
247,ryansheabla,0.0010084646248437192,0.0,0.058823529411764705,3,0,0.0180504446734669,3
248,fuglede,0.0010039064681039184,0.0,0.058823529411764705,3,0,0.01804862141077098,3
249,riedgar-ms,0.0010038155681514126,0.0,0.058823529411764705,3,0,0.018048585050789975,3
250,AhmetVCetin04,0.001003008877125836,0.0,0.058823529411764705,3,0,0.018048262374379745,3
251,Pablitosalinero,0.001002765863871568,0.0,0.058823529411764705,3,0,0.018048165169078038,3
252,sgiardl,0.0010018130149026625,0.0,0.058823529411764705,3,0,0.018047784029490477,3
253,kwdwrd-puff,0.0010013022670855747,0.0,0.058823529411764705,3,0,0.018047579730363642,3
254,pstingley,0.0009983618790024033,0.0,0.058823529411764705,3,0,0.018046403575130373,3
255,mohit93725,0.0009949536089463105,0.0,0.058823529411764705,3,0,0.018045040267107935,3
256,stephenpardy,0.0009943201297650359,0.0,0.058823529411764705,3,0,0.018044786875435426,3
257,hakunamatata1997,0.0009881755881818279,0.0,0.058823529411764705,3,0,0.018042329058802143,2
258,elisno,0.0009877253160065515,0.0,0.058823529411764705,3,0,0.018042148949932033,3
259,sebp,0.0009821205126980988,0.0,0.058823529411764705,3,0,0.01803990702860865,3
260,befeleme,0.0009793608283584763,0.0,0.058823529411764705,3,0,0.0180388031548728,3
261,thesahibnanda,0.000977516573846566,0.0,0.058823529411764705,3,0,0.018038065453068037,3
262,baggiponte,0.0009774111765638365,0.0,0.058823529411764705,3,0,0.018038023294154947,3
263,nickubels,0.0009764953276748497,0.0,0.058823529411764705,3,0,0.01803765695459935,3
264,DarkDk123,0.0009750510003574001,0.0,0.058823529411764705,3,0,0.01803707922367237,3
265,trallard,0.0009722928426795241,0.0,0.058823529411764705,3,0,0.018035975960601223,3
266,BrandonSmithJ,0.0009693951845170317,0.0,0.058823529411764705,3,0,0.018034816897336225,3
267,kleingeo,0.0009663796774269024,0.0,0.058823529411764705,3,0,0.01803361069450017,3
268,JorjaKirk,0.0009640965936890049,0.0,0.058823529411764705,3,0,0.018032697461005012,3
269,MatthewSZhang,0.0009612214261051507,0.0,0.058823529411764705,3,0,0.018031547393971472,3
270,williambdean,0.0009607962772002787,0.0,0.058823529411764705,3,0,0.018031377334409522,3
271,redbmk,0.0009607676724777729,0.0,0.058823529411764705,3,0,0.01803136589252052,3
272,michaelsimmler,0.0009598194786538173,0.0,0.058823529411764705,3,0,0.01803098661499094,3
273,sylvaincom,0.0009582657269919463,0.0,0.058823529411764705,3,0,0.01803036511432619,3
274,Pierre-Bartet,0.0009574169931098591,0.0,0.058823529411764705,3,0,0.018030025620773354,3
275,StijnDebackere,0.0009569351045232084,0.0,0.058823529411764705,3,0,0.018029832865338696,3
276,petr-henys,0.0009557781846036965,0.0,0.058823529411764705,3,0,0.01802937009737089,3
277,ItsIronOxide,0.0009505277662242564,0.0,0.058823529411764705,3,0,0.018027269930019116,3
278,JayTicku,0.0009502076787338831,0.0,0.058823529411764705,3,0,0.018027141895022965,3
279,stu-blair,0.0009499859677755363,0.0,0.058823529411764705,3,0,0.018027053210639625,3
280,AcylSilane,0.0009495297585948601,0.0,0.058823529411764705,3,0,0.018026870726967355,3
281,Mi-chael,0.0009430963887453374,0.0,0.058823529411764705,3,0,0.018024297379027547,3
282,krstopro,0.0009426482083421718,0.0,0.058823529411764705,3,0,0.018024118106866282,3
283,luis261,0.0009391778152850441,0.0,0.058823529411764705,3,1,0.018022729949643428,4
284,nathan-lindstedt,0.000937627837573165,0.0,0.058823529411764705,3,0,0.01802210995855868,3
285,mchaudhary-antuit,0.000935722357051126,0.0,0.058823529411764705,3,0,0.018021347766349862,3
286,noashin,0.0009339511811500725,0.0,0.058823529411764705,3,0,0.01802063929598944,3
287,Hari-Shankar-Karthik,0.000933031279092691,0.0,0.058823529411764705,3,0,0.01802027133516649,3
288,UlyssesAlves,0.0009302731651044994,0.0,0.058823529411764705,3,0,0.01801916808957121,3
289,deepyaman,0.0009298344486804988,0.0,0.058823529411764705,3,0,0.01801899260300161,3
290,venkyyuvy,0.0009297766097155821,0.0,0.058823529411764705,3,0,0.018018969467415644,3
291,Mohdnihal03,0.0009212701720988535,0.0,0.058823529411764705,3,0,0.018015566892368953,3
292,Closius,0.0009205238300984693,0.0,0.058823529411764705,3,0,0.018015268355568798,3
293,yotama2023,0.0009196492700571451,0.0,0.058823529411764705,3,0,0.01801491853155227,3
294,trivialfis,0.0009146571567853117,0.0,0.058823529411764705,3,0,0.018012921686243535,3
295,fabienarnaud,0.0009120464857570467,0.0,0.058823529411764705,3,0,0.01801187741783223,3
296,aedavids,0.0009109962060507859,0.0,0.058823529411764705,3,0,0.018011457305949725,3
297,andrelrodriguess,0.0009109962060507859,0.0,0.058823529411764705,3,0,0.018011457305949725,3
298,anikchand461,0.0009098356183136398,0.0,0.058823529411764705,3,0,0.018010993070854867,3
299,chrimaho,0.0009047087263236821,0.0,0.058823529411764705,3,0,0.018008942314058883,3
300,TomNicholas,0.0009025621756177504,0.0,0.058823529411764705,3,0,0.018008083693776513,3
301,celestinoxp,0.0009021063938827025,0.0051535763284306715,0.0392156862745098,2,1,0.013671621338435223,2
302,jovan-stojanovic,0.002580052652686329,0.0,0.0392156862745098,2,0,0.012796726943427473,2
303,edithatogo,0.0024829864872939864,0.0,0.0392156862745098,2,0,0.012757900477270535,2
304,Tialo,0.0009113875711896473,0.0018368985480346723,0.0392156862745098,2,7,0.012680330475239202,4
305,lucasrct,0.002096526528529066,0.0,0.0392156862745098,2,0,0.012603316493764567,2
306,sjh0849,0.0019710493830649213,0.0,0.0392156862745098,2,0,0.012553125635578909,2
307,moinfar,0.0019465144406219214,0.0,0.0392156862745098,2,0,0.01254331165860171,2
308,samtuckerdavis,0.0017726667555060611,0.0,0.0392156862745098,2,0,0.012473772584555365,2
309,netomenoci,0.001737655877776216,0.0,0.0392156862745098,2,0,0.012459768233463427,2
310,kRiShNa-429407,0.0017074935980390881,0.0,0.0392156862745098,2,0,0.012447703321568577,2
311,aayushiajmera98,0.001683224603148787,0.0,0.0392156862745098,2,0,0.012437995723612455,2
312,dprov,0.0016669348058107778,0.0,0.0392156862745098,2,0,0.012431479804677252,2
313,adamjstewart,0.0016661416350623947,0.0,0.0392156862745098,2,1,0.0124311625363779,2
314,Manjubn777,0.0016441807950383362,0.0,0.0392156862745098,2,0,0.012422378200368275,2
315,danilo-silva-ufsc,0.0016441623584090318,0.0,0.0392156862745098,2,0,0.012422370825716554,2
316,ayv19,0.0016365102398567862,0.0,0.0392156862745098,2,0,0.012419309978295656,2
317,jshn9710,0.001244356747563793,0.00030670541793423155,0.0392156862745098,2,1,0.012354460206758728,2
318,el-hult,0.0014461058635270867,0.0,0.0392156862745098,2,0,0.012343148227763775,2
319,abhiver222,0.0013871558139987826,0.0,0.0392156862745098,2,0,0.012319568207952453,2
320,eliegoudout,0.0013790487948274954,0.0,0.0392156862745098,2,0,0.01231632540028394,2
321,johentsch,0.0013406042502410221,0.0,0.0392156862745098,2,0,0.01230094758244935,2
322,jckkvs,0.0013313686110348459,0.0,0.0392156862745098,2,0,0.012297253326766878,2
323,HDembinski,0.0013306288882261146,0.0,0.0392156862745098,2,0,0.012296957437643388,2
324,ThorbenMaa,0.0012954585528236824,0.0,0.0392156862745098,2,0,0.012282889303482415,2
325,rnowling,0.0012876129151109025,0.0,0.0392156862745098,2,0,0.012279751048397302,2
326,Sanjaykumar030,0.001286034858443195,0.0,0.0392156862745098,2,0,0.012279119825730218,2
327,adonnini,0.0012813180880900405,0.0,0.0392156862745098,2,0,0.012277233117588958,2
328,MohamedMostafa259,0.001276792935836536,0.0,0.0392156862745098,2,0,0.012275423056687555,2
329,nursenakrbs,0.0012706941930426864,0.0,0.0392156862745098,2,0,0.012272983559570015,2
330,Oddant1,0.0012678862825165678,0.0,0.0392156862745098,2,0,0.012271860395359569,2
331,joshglens,0.001260724105504225,0.0,0.0392156862745098,2,0,0.01226899552455463,2
332,a-wozniakowski,0.0012465032982697246,1.6228548405455187e-05,0.0392156862745098,2,1,0.012268175766182467,3
333,asdsadsaasd12312132,0.0012556089124854365,0.0,0.0392156862745098,2,0,0.012266949447347115,2
334,muhlbach,0.0012543136805900218,0.0,0.0392156862745098,2,0,0.01226643135458895,2
335,m-parchami,0.0012541107713039512,0.0,0.0392156862745098,2,0,0.012266350190874522,2
336,sisird864,0.0009054199034859115,0.0004605860951862011,0.0392156862745098,2,1,0.012265049672303166,3
337,Innixma,0.001246702393725324,0.0,0.0392156862745098,2,0,0.012263386839843071,2
338,BraveDrXuTF,0.001246702393725324,0.0,0.0392156862745098,2,0,0.012263386839843071,2
339,KulikDM,0.0012454070272700536,0.0,0.0392156862745098,2,0,0.012262868693260962,2
340,domdfcoding,0.0012454070272700536,0.0,0.0392156862745098,2,0,0.012262868693260962,2
341,bykhov,0.0012454070272700536,0.0,0.0392156862745098,2,0,0.012262868693260962,2
342,kmcgrady,0.0012367539632636944,0.0,0.0392156862745098,2,0,0.012259407467658419,2
343,dd1735,0.0012332601973785407,0.0,0.0392156862745098,2,0,0.012258009961304358,2
344,s3alfisc,0.0012086088967943121,0.0,0.0392156862745098,2,0,0.012248149441070666,2
345,MenaWANG,0.0011919816169784563,0.0,0.0392156862745098,2,0,0.012241498529144324,2
346,Alex-Xenos,0.0011875974138839027,0.0,0.0392156862745098,2,0,0.012239744847906502,2
347,tomarney,0.0011875974138839027,0.0,0.0392156862745098,2,0,0.012239744847906502,2
348,brmel,0.0011875974138839027,0.0,0.0392156862745098,2,0,0.012239744847906502,2
349,newyorker123,0.0011733871396340714,0.0,0.0392156862745098,2,0,0.01223406073820657,2
350,khteh,0.001156691205219025,0.0,0.0392156862745098,2,0,0.01222738236444055,2
351,chrispyl,0.0011456278272126137,0.0,0.0392156862745098,2,0,0.012222957013237987,2
352,Matt081297,0.0011456278272126137,0.0,0.0392156862745098,2,0,0.012222957013237987,2
353,Sjord,0.0011456278272126137,0.0,0.0392156862745098,2,0,0.012222957013237987,2
354,carlaxc,0.0011456278272126137,0.0,0.0392156862745098,2,0,0.012222957013237987,2
355,rangehow,0.0010058792871329904,0.00018351396132116474,0.0392156862745098,2,1,0.012222111785602487,3
356,auguste-probabl,0.0011423713397630615,0.0,0.0392156862745098,2,0,0.012221654418258166,2
357,jannisborn,0.0011327375331314441,0.0,0.0392156862745098,2,0,0.01221780089560552,2
358,IgnacioJPickering,0.0011248421293325686,0.0,0.0392156862745098,2,0,0.012214642734085969,2
359,hadipourh,0.0011248421293325686,0.0,0.0392156862745098,2,0,0.012214642734085969,2
360,psl-schaefer,0.0011246430338769692,0.0,0.0392156862745098,2,0,0.012214563095903729,2
361,bcm-at-zama,0.0011224964831710376,0.0,0.0392156862745098,2,0,0.012213704475621355,2
362,Finesim97,0.0011224964831710376,0.0,0.0392156862745098,2,0,0.012213704475621355,2
363,amadanmath,0.0011172453337534676,0.0,0.0392156862745098,2,0,0.012211604015854327,2
364,nielsbijl,0.001115860145014916,0.0,0.0392156862745098,2,0,0.012211049940358907,2
365,sotagg,0.0009010101228830315,0.0002800136680871279,0.0392156862745098,2,1,0.012209114031932292,3
366,shaygeller,0.0011050176697795736,0.0,0.0392156862745098,2,0,0.012206712950264771,2
367,gweberbv-beep,0.001085724118371015,0.0,0.0392156862745098,2,0,0.012198995529701348,2
368,cynddl,0.001084697695016236,0.0,0.0392156862745098,2,0,0.012198584960359436,2
369,Abitsfhuusrtyt,0.001080076480473009,0.0,0.0392156862745098,2,0,0.012196736474542145,2
370,yangbaechu,0.0010721902460220142,0.0,0.0392156862745098,2,0,0.012193581980761746,2
371,diegolovison,0.001060325014912872,0.0,0.0392156862745098,2,0,0.01218883588831809,2
372,yotamcons,0.0010555487804479297,0.0,0.0392156862745098,2,0,0.012186925394532113,2
373,rtax9,0.0010481396156984094,0.0,0.0392156862745098,2,0,0.012183961728632304,2
374,rashmitha-j,0.001041256306909201,0.0,0.0392156862745098,2,0,0.012181208405116621,2
375,jakemdrew,0.001040635985781965,0.0,0.0392156862745098,2,0,0.012180960276665726,2
376,tylerjereddy,0.0009509266009308937,0.00011284962291318223,0.0392156862745098,2,1,0.012178931409599253,3
377,fanurs,0.001034865774273472,0.0,0.0392156862745098,2,0,0.01217865219206233,2
378,khoinpd0411,0.001033059679951991,0.0,0.0392156862745098,2,0,0.012177929754333737,2
379,djwbamboo,0.0010203904741387783,0.0,0.0392156862745098,2,0,0.012172862072008453,2
380,bdpedigo,0.0010178761707587659,0.0,0.0392156862745098,2,0,0.012171856350656447,2
381,pratikgandhic1,0.0010174054873567347,0.0,0.0392156862745098,2,0,0.012171668077295635,2
382,fujiisoup,0.0010157756113462445,0.0,0.0392156862745098,2,0,0.012171016126891438,2
383,catanzaromj,0.001006757144532092,0.0,0.0392156862745098,2,0,0.012167408740165777,2
384,jpeaceau,0.0010041664116215516,0.0,0.0392156862745098,2,0,0.012166372447001562,2
385,philippolfert,0.001002782769484214,0.0,0.0392156862745098,2,0,0.012165818990146626,2
386,rickiepark,0.001002782769484214,0.0,0.0392156862745098,2,0,0.012165818990146626,2
387,step21,0.001002154307565288,0.0,0.0392156862745098,2,0,0.012165567605379056,2
388,Rain1560,0.0010018171268429987,0.0,0.0392156862745098,2,0,0.012165432733090141,2
389,alinacherkas,0.0010018171268429987,0.0,0.0392156862745098,2,0,0.012165432733090141,2
390,corradods,0.001001686498484543,0.0,0.0392156862745098,2,0,0.012165380481746759,2
391,ThexXTURBOXx,0.0009988073631350461,0.0,0.0392156862745098,2,0,0.01216422882760696,2
392,34j,0.0009970819300992955,0.0,0.0392156862745098,2,0,0.01216353865439266,2
393,martinfleis,0.0009949140467030984,0.0,0.0392156862745098,2,0,0.012162671501034181,2
394,mchikyt3,0.0009925684005415675,0.0,0.0392156862745098,2,0,0.012161733242569568,2
395,Jakobhenningjensen,0.0009912360586397985,0.0,0.0392156862745098,2,0,0.01216120030580886,2
396,fengluoqiuwu,0.0009911232993528435,0.0,0.0392156862745098,2,0,0.01216115520209408,2
397,bmgdc,0.0009902937114583043,0.0,0.0392156862745098,2,0,0.012160823366936262,2
398,eschibli,0.0009883770841339831,0.0,0.0392156862745098,2,0,0.012160056716006534,2
399,Bilalbrahimi,0.0009866428535920788,0.0,0.0392156862745098,2,0,0.012159363023789772,2
400,stevendbrown,0.0009849656162414689,0.0,0.0392156862745098,2,0,0.012158692128849529,2
401,Daniel3009,0.000979543303945052,0.0,0.0392156862745098,2,0,0.012156523203930961,2
402,Gloggglogg,0.0009786098120612623,0.0,0.0392156862745098,2,0,0.012156149807177446,2
403,leycec,0.0009751137182400233,0.0,0.0392156862745098,2,0,0.01215475136964895,2
404,yuvrajeyes,0.0009697188522671965,0.0,0.0392156862745098,2,0,0.01215259342325982,2
405,lbittarello,0.0009562754756103104,1.5049637666163095e-05,0.0392156862745098,2,1,0.012151730963896915,3
406,ChVeen,0.0009389233563041816,3.768227417591824e-05,0.0392156862745098,2,2,0.01215157990712739,3
407,Somesh140,0.0009656580602564341,0.0,0.0392156862745098,2,0,0.012150969106455514,2
408,jarvy5,0.0009648100293967448,0.0,0.0392156862745098,2,0,0.012150629894111638,2
409,ekomarova,0.0009637654074343659,0.0,0.0392156862745098,2,0,0.012150212045326687,2
410,gururgg,0.0009637654074343659,0.0,0.0392156862745098,2,0,0.012150212045326687,2
411,mcdominik,0.0009637654074343659,0.0,0.0392156862745098,2,0,0.012150212045326687,2
412,GloC99,0.0009635115095505025,0.0,0.0392156862745098,2,0,0.012150110486173142,2
413,psadil,0.0009628218428474168,0.0,0.0392156862745098,2,0,0.012149834619491907,2
414,drew-parsons,0.0009619710563462229,0.0,0.0392156862745098,2,0,0.01214949430489143,2
415,grudloff,0.0009619710563462229,0.0,0.0392156862745098,2,0,0.01214949430489143,2
416,andrader,0.000961809166604584,0.0,0.0392156862745098,2,0,0.012149429548994775,2
417,clin1234,0.0009615728654350239,0.0,0.0392156862745098,2,1,0.01214933502852695,2
418,dzisandy,0.0009605971817446793,0.0,0.0392156862745098,2,0,0.012148944755050812,2
419,JaumeAmoresDS,0.0009523542294398147,0.0,0.0392156862745098,2,0,0.012145647574128867,2
420,positron96,0.0009523542294398147,0.0,0.0392156862745098,2,0,0.012145647574128867,2
421,SunYong0821,0.0009514942596097037,0.0,0.0392156862745098,2,0,0.012145303586196823,2
422,vnijs,0.000949065416440802,0.0,0.0392156862745098,2,0,0.012144332048929262,2
423,KennethEnevoldsen,0.000949065416440802,0.0,0.0392156862745098,2,0,0.012144332048929262,2
424,jilljenn,0.0009473008402622739,0.0,0.0392156862745098,2,0,0.01214362621845785,2
425,gitouni,0.0009461861490471311,0.0,0.0392156862745098,2,0,0.012143180341971793,2
426,anntzer,0.0009341300945375196,1.5957735767057798e-05,0.0392156862745098,2,1,0.012143145240898066,2
427,krishpy99,0.0009433779004655194,0.0,0.0392156862745098,2,0,0.012142057042539149,2
428,Navien2,0.0009420979460925448,0.0,0.0392156862745098,2,0,0.012141545060789958,2
429,jcbioinformatics,0.0009420825340102491,0.0,0.0392156862745098,2,0,0.012141538895957042,2
430,rafalkowalewski1,0.0009418526372878362,0.0,0.0392156862745098,2,0,0.012141446937268076,2
431,kjfdjasldfj,0.0009417303343924606,0.0,0.0392156862745098,2,0,0.012141398016109925,2
432,seralouk,0.0009408703645623494,0.0,0.0392156862745098,2,0,0.01214105402817788,2
433,judithabk6,0.0009406127448297872,0.0,0.0392156862745098,2,0,0.012140950980284856,2
434,sa2329,0.0009400458759011921,0.0,0.0392156862745098,2,0,0.012140724232713418,2
435,fumoboy007,0.0009400105793202337,0.0,0.0392156862745098,2,0,0.012140710114081035,2
436,Enmartz,0.0009398467804455927,0.0,0.0392156862745098,2,0,0.012140644594531179,2
437,sedol1339,0.0009396123884090348,0.0,0.0392156862745098,2,0,0.012140550837716556,2
438,rjboczar,0.000939583783686529,0.0,0.0392156862745098,2,0,0.012140539395827552,2
439,jatonline,0.000938750509445922,0.0,0.0392156862745098,2,0,0.01214020608613131,2
440,sdementen,0.000938750509445922,0.0,0.0392156862745098,2,0,0.01214020608613131,2
441,paulbkoch,0.0009374372329805974,0.0,0.0392156862745098,2,1,0.01213968077554518,3
442,mattharrison,0.0009363409619809265,0.0,0.0392156862745098,2,0,0.01213924226714531,2
443,alerque,0.0008921579634210729,5.7365796573953355e-05,0.0392156862745098,2,1,0.012138778806693557,3
444,patricksurry,0.0009341275500923619,0.0,0.0392156862745098,2,0,0.012138356902389886,2
445,Sirorezka,0.0009334186068548009,0.0,0.0392156862745098,2,0,0.012138073325094862,2
446,cespeleta,0.000933347428143953,0.0,0.0392156862745098,2,0,0.012138044853610521,2
447,saxenapriyansh,0.0009317676270153689,0.0,0.0392156862745098,2,0,0.012137412933159088,2
448,yigalagam,0.0009313694361041702,0.0,0.0392156862745098,2,0,0.012137253656794609,2
449,bme-git,0.0009300974454395626,0.0,0.0392156862745098,2,0,0.012136744860528766,2
450,ftnext,0.0009298603571249982,0.0,0.0392156862745098,2,0,0.012136650025202941,2
451,pavelkomarov,0.0009291768941048285,0.0,0.0392156862745098,2,0,0.012136376639994872,2
452,IsmaelElsharkawi,0.0009289818152143461,0.0,0.0392156862745098,2,0,0.01213629860843868,2
453,kasteiner,0.000923091187218347,0.0,0.0392156862745098,2,0,0.012133942357240279,2
454,akikuno,0.000923091187218347,0.0,0.0392156862745098,2,0,0.012133942357240279,2
455,TheN0rthOne,0.0009221856730869901,0.0,0.0392156862745098,2,0,0.012133580151587737,2
456,EvanAad,0.0009217958207630769,0.0,0.0392156862745098,2,0,0.012133424210658172,2
457,joshdunnlime,0.0009217958207630769,0.0,0.0392156862745098,2,0,0.012133424210658172,2
458,stygian2a,0.0009211437319680148,0.0,0.0392156862745098,2,0,0.012133163375140147,2
459,neil-kulkarni,0.000920745541056816,0.0,0.0392156862745098,2,0,0.012133004098775668,2
460,I3aer,0.000920745541056816,0.0,0.0392156862745098,2,0,0.012133004098775668,2
461,cparmet,0.0009201137183969745,0.0,0.0392156862745098,2,0,0.01213275136971173,2
462,lionelkusch,0.0009188266905289896,0.0,0.0392156862745098,2,1,0.012132236558564536,3
463,bryceForrest,0.0009188266905289896,0.0,0.0392156862745098,2,0,0.012132236558564536,2
464,marcellobarylli,0.0009188266905289896,0.0,0.0392156862745098,2,0,0.012132236558564536,2
465,vimarshc,0.0009187980858064838,0.0,0.0392156862745098,2,0,0.012132225116675534,2
466,DM-Berger,0.0009187805930498082,0.0,0.0392156862745098,2,0,0.012132218119572864,2
467,IceCapriccio,0.0009186275950733903,0.0,0.0392156862745098,2,0,0.012132156920382296,2
468,IsabelBody,0.0009186275950733903,0.0,0.0392156862745098,2,0,0.012132156920382296,2
469,filippoferrari,0.0009186275950733903,0.0,0.0392156862745098,2,0,0.012132156920382296,2
470,isacarnekvist,0.0009186275950733903,0.0,0.0392156862745098,2,0,0.012132156920382296,2
471,fernandocamargoai,0.0009185989903508845,0.0,0.0392156862745098,2,0,0.012132145478493294,2
472,AdityaInnovates,0.0009185989903508845,0.0,0.0392156862745098,2,0,0.012132145478493294,2
473,thomasbauer76,0.0009183579201669919,0.0,0.0392156862745098,2,0,0.012132049050419738,2
474,adosar,0.0009175027193512135,0.0,0.0392156862745098,2,0,0.012131706970093427,2
475,MikeB2019x,0.0009152918519078066,0.0,0.0392156862745098,2,0,0.012130822623116063,2
476,hamedha2,0.0009146288800803016,0.0,0.0392156862745098,2,0,0.012130557434385061,2
477,ndamclean,0.0009135931727834571,0.0,0.0392156862745098,2,0,0.012130143151466323,2
478,petsuter,0.0009109502147573757,0.0,0.0392156862745098,2,0,0.012129085968255892,2
479,Sung-hub,0.000910583738224125,0.0,0.0392156862745098,2,0,0.01212893937764259,2
480,0xbe7a,0.0009103846427685257,0.0,0.0392156862745098,2,0,0.012128859739460351,2
481,HideOn1Bush,0.0009103846427685257,0.0,0.0392156862745098,2,0,0.012128859739460351,2
482,bagustris,0.0009103846427685257,0.0,0.0392156862745098,2,0,0.012128859739460351,2
483,jaderrrr,0.0009103846427685257,0.0,0.0392156862745098,2,0,0.012128859739460351,2
484,mudalgisv,0.0009101649599178492,0.0,0.0392156862745098,2,0,0.01212877186632008,2
485,qremplak,0.0009101649599178492,0.0,0.0392156862745098,2,0,0.01212877186632008,2
486,cri98li,0.0009088321625881786,0.0,0.0392156862745098,2,0,0.012128238747388213,2
487,aroyphillips,0.0009082380920625941,0.0,0.0392156862745098,2,0,0.01212800111917798,2
488,sametcopur,0.0009060240308966768,0.0,0.0392156862745098,2,0,0.012127115494711611,2
489,billiejoe-bw,0.0009038183714646434,0.0,0.0392156862745098,2,0,0.012126233230938798,2
490,sudabg,0.0009033934217506873,0.0,0.0392156862745098,2,0,0.012126063251053216,2
491,schroedk,0.0009033934217506873,0.0,0.0392156862745098,2,0,0.012126063251053216,2
492,owenlamont,0.000902523005009373,0.0,0.0392156862745098,2,0,0.01212571508435669,2
493,mtoan65,0.0009021063938827025,0.0,0.0392156862745098,2,0,0.012125548439906021,2
494,itsaphel,0.0009021063938827025,0.0,0.0392156862745098,2,0,0.012125548439906021,2
495,olitei,0.0009021063938827025,0.0,0.0392156862745098,2,0,0.012125548439906021,2
496,kjyv,0.0009012468710447557,0.0,0.0392156862745098,2,0,0.012125204630770844,2
497,JocelynPanPan,0.0009010101228830315,0.0,0.0392156862745098,2,0,0.012125109931506154,2
498,ronnychou,0.0009008110274274321,0.0,0.0392156862745098,2,0,0.012125030293323914,2
499,cpoptic-goldbelly,0.0009008110274274321,0.0,0.0392156862745098,2,0,0.012125030293323914,2
500,xuazsa,0.0009008110274274321,0.0,0.0392156862745098,2,0,0.012125030293323914,2
501,K-Hern,0.0009008110274274321,0.0,0.0392156862745098,2,0,0.012125030293323914,2
502,ikahbasi,0.0008999598431767709,0.0,0.0392156862745098,2,0,0.01212468981962365,2
503,marianeira,0.0008997607477211715,0.0,0.0392156862745098,2,0,0.01212461018144141,2
504,solo-driven,0.0008997607477211715,0.0,0.0392156862745098,2,0,0.01212461018144141,2
505,iamlevis,0.0008997607477211715,0.0,0.0392156862745098,2,0,0.01212461018144141,2
506,monikamarr,0.0008997607477211715,0.0,0.0392156862745098,2,0,0.01212461018144141,2
507,pritamg97,0.0008995319951152843,0.0,0.0392156862745098,2,0,0.012124518680399054,2
508,xinehc,0.0008986644767215006,0.0,0.0392156862745098,2,0,0.01212417167304154,2
509,rc4typecheck,0.0008986644767215006,0.0,0.0392156862745098,2,0,0.01212417167304154,2
510,fabrypotter,0.0008986644767215006,0.0,0.0392156862745098,2,0,0.01212417167304154,2
511,JaMixon,0.0008986644767215006,0.0,0.0392156862745098,2,0,0.01212417167304154,2
512,PankhudiJ17,0.0008986644767215006,0.0,0.0392156862745098,2,0,0.01212417167304154,2
513,ezaanamin,0.0008986644767215006,0.0,0.0392156862745098,2,0,0.01212417167304154,2
514,elliot-kulakow-ent,0.0008980458717917001,0.0,0.0392156862745098,2,0,0.012123924231069621,2
515,suburban-daredevil,0.0008964536092780939,0.0,0.0392156862745098,2,0,0.012123287326064179,2
516,arfogg,0.0008921579634210729,0.0,0.0392156862745098,2,0,0.01212156906772137,2
517,harsh-deepchecks,0.0008921579634210729,0.0,0.0392156862745098,2,0,0.01212156906772137,2
518,Bougeant,0.0008900114127151414,0.0,0.0392156862745098,2,0,0.012120710447438997,2
519,gregorulm,0.0008900114127151414,0.0,0.0392156862745098,2,0,0.012120710447438997,2
520,MarkFazekas,0.000888850824977995,0.0,0.0392156862745098,2,0,0.012120246212344138,2
521,lucascolley,0.0008837239329880376,6.575688514247836e-06,0.0392156862745098,2,4,0.012120168162102431,5
522,SuccessMoses,0.0008798262340917876,0.007057356176978225,0.0196078431372549,1,7,0.008351490287906653,5
523,davidcherney,0.000881121600547058,0.002272096550978655,0.0196078431372549,1,1,0.00691643054668889,2
524,LeomaxFilho,0.0016070481021797191,0.0010474386136462405,0.0196078431372549,1,1,0.00683940376614223,2
525,j-hendricks,0.000881121600547058,0.0017866420802219772,0.0196078431372549,1,4,0.006770794205461887,4
526,MengAiDev,0.0008776153666483809,0.0004828726477856613,0.0196078431372549,1,1,0.006378260882171522,2
527,Nazishzaib,0.000878775954385527,0.0003942294565766699,0.0196078431372549,1,2,0.006352132159903682,2
528,vasco-s-pereira,0.0008809225050914586,0.00036863258857432586,0.0196078431372549,1,2,0.006345311719785352,2
529,NicolasHug,0.0009353478917196777,0.00026787201172249147,0.0196078431372549,1,5,0.006336853701381089,5
530,Sagarshresti18,0.0009220321219326364,0.00027891215325007694,0.0196078431372549,1,1,0.006334839435924548,2
531,mifth,0.000878775954385527,0.0003293405041286397,0.0196078431372549,1,1,0.006332665474169274,2
532,PierreGtch,0.0011036582405413247,0.0,0.0196078431372549,1,0,0.0063238162373930006,1
533,bmreiniger,0.0008809225050914586,0.00026693435889675306,0.0196078431372549,1,6,0.00631480225088208,4
534,MischaDy,0.001042728108344947,0.0,0.0196078431372549,1,0,0.006299444184514449,1
535,sakaiando,0.0010425126765945848,0.0,0.0196078431372549,1,0,0.0062993580118143044,1
536,nocoding03,0.000881121600547058,0.000211864406779661,0.0196078431372549,1,1,0.006298360903429192,2
537,Aloqeely,0.0009220321219326364,0.00011819961171126428,0.0196078431372549,1,2,0.006286625673462904,2
538,yan0612,0.0009648616784340366,0.0,0.0196078431372549,1,0,0.006268297612550085,1
539,fcharras,0.000881121600547058,9.391462050462215e-05,0.0196078431372549,1,3,0.00626297596754668,3
540,LeoGrin,0.0009019072984271031,6.0136757369278554e-05,0.0196078431372549,1,1,0.006261156887758096,2
541,freesoulinempty,0.0008776153666483809,9.228445900850567e-05,0.0196078431372549,1,1,0.006261084425538375,2
542,Molier,0.0009394918010997087,0.0,0.0196078431372549,1,1,0.006258149661616354,2
543,dbXD320,0.0008776153666483809,7.64782974793568e-05,0.0196078431372549,1,2,0.0062563425770796295,2
544,SauersML,0.0009234893781295457,9.91571105448224e-06,0.0196078431372549,1,1,0.006254723405744633,2
545,XVX-016,0.0008975967042585641,4.018401462787056e-05,0.0196078431372549,1,1,0.0062534468272682575,2
546,davitacols,0.0008809225050914586,5.99829784151818e-05,0.0196078431372549,1,2,0.006252716836737608,2
547,siddu1324,0.00089761419701524,3.533363901478308e-05,0.0196078431372549,1,1,0.006251998711687002,2
548,HydraDragonAntivirus,0.0009234893781295457,0.0,0.0196078431372549,1,1,0.006251748692428289,2
549,evo-nlueck,0.0009228920917627476,0.0,0.0196078431372549,1,0,0.00625150977788157,1
550,ETTAN93,0.0009228920917627476,0.0,0.0196078431372549,1,0,0.00625150977788157,1
551,it176131,0.0009228920917627476,0.0,0.0196078431372549,1,1,0.00625150977788157,2
552,star1327p,0.0009220321219326364,0.0,0.0196078431372549,1,0,0.006251165789949525,1
553,dschmitz89,0.0009019072984271031,2.633327383011624e-05,0.0196078431372549,1,2,0.006251015842696346,3
554,antoinecarme,0.000878775954385527,5.5880369042445326e-05,0.0196078431372549,1,1,0.0062506274336434145,2
555,adc-trust-ai,0.0009204540652649291,0.0,0.0196078431372549,1,0,0.006250534567282442,1
556,sateeshkumarb,0.0009204540652649291,0.0,0.0196078431372549,1,0,0.006250534567282442,1
557,JeremiahyHenry3,0.0009204540652649291,0.0,0.0196078431372549,1,0,0.006250534567282442,1
558,Savithru7142,0.0009196032787637349,0.0,0.0196078431372549,1,0,0.0062501942526819645,1
559,boumediene77,0.0009196032787637349,0.0,0.0196078431372549,1,0,0.0062501942526819645,1
560,avinashtgoje,0.000878775954385527,5.0023540489642183e-05,0.0196078431372549,1,1,0.006248870385077574,2
561,victoris93,0.000881121600547058,4.456282594524121e-05,0.0196078431372549,1,1,0.006248170429178866,2
562,WEILMAX,0.0009088755637893537,0.0,0.0196078431372549,1,0,0.006245903166692212,1
563,anseljh,0.0009023054893383018,0.0,0.0196078431372549,1,0,0.006243275136911791,1
564,Perceptronium,0.0009023054893383018,0.0,0.0196078431372549,1,0,0.006243275136911791,1
565,pierrenodet,0.0009023054893383018,0.0,0.0196078431372549,1,0,0.006243275136911791,1
566,G4ll4rd0,0.0009023054893383018,0.0,0.0196078431372549,1,0,0.006243275136911791,1
567,PythonicVarun,0.0009023054893383018,0.0,0.0196078431372549,1,0,0.006243275136911791,1
568,Rishab260,0.0009023054893383018,0.0,0.0196078431372549,1,3,0.006243275136911791,4
569,griffinfarrow,0.0009023054893383018,0.0,0.0196078431372549,1,0,0.006243275136911791,1
570,x-tabdeveloping,0.0009023054893383018,0.0,0.0196078431372549,1,0,0.006243275136911791,1
571,imsaurabh17,0.0009019072984271031,0.0,0.0196078431372549,1,0,0.006243115860547312,1
572,vinisalazar,0.0009019072984271031,0.0,0.0196078431372549,1,0,0.006243115860547312,1
573,Markus28,0.0009019072984271031,0.0,0.0196078431372549,1,0,0.006243115860547312,1
574,rbuffat,0.0009019072984271031,0.0,0.0196078431372549,1,0,0.006243115860547312,1
575,BSalvatori,0.0009007213390898716,0.0,0.0196078431372549,1,0,0.00624264147681242,1
576,da-woods,0.0008997147564277614,0.0,0.0196078431372549,1,4,0.006242238843747575,4
577,hanjunkim11,0.0008997147564277614,0.0,0.0196078431372549,1,1,0.006242238843747575,2
578,linjing-lab,0.00089761419701524,0.0,0.0196078431372549,1,0,0.006241398619982567,1
579,farishamboSymph,0.00089761419701524,0.0,0.0196078431372549,1,0,0.006241398619982567,1
580,arnauplanasbahi-rgb,0.0008952930215409475,0.0,0.0196078431372549,1,0,0.00624047014979285,1
581,tuhinsharma121,0.0008936440867446571,0.0,0.0196078431372549,1,2,0.006239810575874334,2
582,rachrapp,0.0008893998494328812,0.0,0.0196078431372549,1,0,0.006238112880949623,1
583,apollner,0.0008893998494328812,0.0,0.0196078431372549,1,0,0.006238112880949623,1
584,wejaeger,0.0008893998494328812,0.0,0.0196078431372549,1,0,0.006238112880949623,1
585,MingJunMC,0.000881121600547058,0.0,0.0196078431372549,1,0,0.006234801581395294,1
586,sterliakov,0.000881121600547058,0.0,0.0196078431372549,1,0,0.006234801581395294,1
587,oerrabie,0.000881121600547058,0.0,0.0196078431372549,1,0,0.006234801581395294,1
588,joaosferreira,0.000881121600547058,0.0,0.0196078431372549,1,1,0.006234801581395294,1
589,mdelozzo,0.000881121600547058,0.0,0.0196078431372549,1,0,0.006234801581395294,1
590,edgBR,0.0008809225050914586,0.0,0.0196078431372549,1,0,0.006234721943213054,1
591,kourenke,0.0008809225050914586,0.0,0.0196078431372549,1,0,0.006234721943213054,1
592,SvenSerneels,0.0008809225050914586,0.0,0.0196078431372549,1,0,0.006234721943213054,1
593,ymzayek,0.0008809225050914586,0.0,0.0196078431372549,1,1,0.006234721943213054,2
594,kaungkhantko,0.0008809225050914586,0.0,0.0196078431372549,1,0,0.006234721943213054,1
595,abarbosa94,0.0008809225050914586,0.0,0.0196078431372549,1,0,0.006234721943213054,1
596,nicolas-bolle,0.0008809225050914586,0.0,0.0196078431372549,1,0,0.006234721943213054,1
597,TheAlgorythm,0.0008809225050914586,0.0,0.0196078431372549,1,0,0.006234721943213054,1
598,memeplex,0.0008809225050914586,0.0,0.0196078431372549,1,0,0.006234721943213054,1
599,Cauwth,0.0008809225050914586,0.0,0.0196078431372549,1,0,0.006234721943213054,1
600,dineshreddypaidi,0.0008798262340917876,0.0,0.0196078431372549,1,0,0.006234283434813186,1
601,artificialfintelligence,0.0008798262340917876,0.0,0.0196078431372549,1,0,0.006234283434813186,1
602,luiser1401,0.0008798262340917876,0.0,0.0196078431372549,1,1,0.006234283434813186,2
603,ginoperrotta,0.0008798262340917876,0.0,0.0196078431372549,1,0,0.006234283434813186,1
604,HaochongYANG,0.0008798262340917876,0.0,0.0196078431372549,1,0,0.006234283434813186,1
605,guanjiesun,0.0008798262340917876,0.0,0.0196078431372549,1,0,0.006234283434813186,1
606,MichalRIcar,0.0008798262340917876,0.0,0.0196078431372549,1,0,0.006234283434813186,1
607,abhishek0093,0.000878775954385527,0.0,0.0196078431372549,1,0,0.006233863322930681,1
608,ebellodi,0.000878775954385527,0.0,0.0196078431372549,1,0,0.006233863322930681,1
609,dschult,0.000878775954385527,0.0,0.0196078431372549,1,1,0.006233863322930681,2
610,Data-23,0.000878775954385527,0.0,0.0196078431372549,1,0,0.006233863322930681,1
611,Solenhya,0.000878775954385527,0.0,0.0196078431372549,1,0,0.006233863322930681,1
612,williamchiu-nmic,0.000878775954385527,0.0,0.0196078431372549,1,0,0.006233863322930681,1
613,iliakh,0.000878775954385527,0.0,0.0196078431372549,1,0,0.006233863322930681,1
614,Daizwpa,0.000878775954385527,0.0,0.0196078431372549,1,0,0.006233863322930681,1
615,Nitin-Prata,0.0008776153666483809,0.0,0.0196078431372549,1,1,0.0062333990878358225,2
616,siboles,0.0008724884746584233,0.0,0.0196078431372549,1,0,0.00623134833103984,1
617,nihal-rao,0.0008724884746584233,0.0,0.0196078431372549,1,0,0.00623134833103984,1
618,Julian901,0.0008711731700854284,0.0,0.0196078431372549,1,0,0.006230822209210642,1
619,flaviorv,0.0008711731700854284,0.0,0.0196078431372549,1,0,0.006230822209210642,1
620,mayuresh-quartic,0.0008711731700854284,0.0,0.0196078431372549,1,0,0.006230822209210642,1
621,gernophil,0.0008711731700854284,0.0,0.0196078431372549,1,0,0.006230822209210642,1
622,yuanx749,0.0008599377117558141,0.0,0.0,0,8,0.00034397508470232566,5
623,yogeshbawankar,0.0008599377117558141,0.0,0.0,0,2,0.00034397508470232566,2
624,khmyznikov,0.0008599377117558141,0.0,0.0,0,2,0.00034397508470232566,2
625,khyarih,0.0008599377117558141,0.0,0.0,0,2,0.00034397508470232566,2
626,kianelbo,0.0008599377117558141,0.0,0.0,0,2,0.00034397508470232566,2
627,kno10,0.0008599377117558141,0.0,0.0,0,2,0.00034397508470232566,2
628,kyrajeep,0.0008599377117558141,0.0,0.0,0,3,0.00034397508470232566,2
629,youbos,0.0008599377117558141,0.0,0.0,0,4,0.00034397508470232566,3
630,lc542,0.0008599377117558141,0.0,0.0,0,2,0.00034397508470232566,2
631,y-vectorfield,0.0008599377117558141,0.0,0.0,0,3,0.00034397508470232566,3
632,vanto-Intel,0.0008599377117558141,0.0,0.0,0,2,0.00034397508470232566,2
633,Angel-Mathew007,0.0008599377117558141,0.0,0.0,0,2,0.00034397508470232566,2
634,lamdang2k,0.0008599377117558141,0.0,0.0,0,3,0.00034397508470232566,3
635,vvkrddy,0.0008599377117558141,0.0,0.0,0,2,0.00034397508470232566,2
636,vmargonis,0.0008599377117558141,0.0,0.0,0,2,0.00034397508470232566,2
637,vjoshi253,0.0008599377117558141,0.0,0.0,0,5,0.00034397508470232566,3
638,vask2108,0.0008599377117558141,0.0,0.0,0,3,0.00034397508470232566,3
639,lazarust,0.0008599377117558141,0.0,0.0,0,2,0.00034397508470232566,2
640,work-mohit,0.0008599377117558141,0.0,0.0,0,2,0.00034397508470232566,2
641,norgera,0.0008599377117558141,0.0,0.0,0,2,0.00034397508470232566,2
642,tomMoral,0.0008599377117558141,0.0,0.0,0,3,0.00034397508470232566,2
643,mdhvgoyal,0.0008599377117558141,0.0,0.0,0,3,0.00034397508470232566,3
644,ojoaomorais,0.0008599377117558141,0.0,0.0,0,5,0.00034397508470232566,4
645,lmcinnes,0.0008599377117558141,0.0,0.0,0,3,0.00034397508470232566,2
646,lohitslohit,0.0008599377117558141,0.0,0.0,0,2,0.00034397508470232566,2
647,m-maggi,0.0008599377117558141,0.0,0.0,0,3,0.00034397508470232566,2
648,manshirahangdale,0.0008599377117558141,0.0,0.0,0,2,0.00034397508470232566,2
649,mattip,0.0008599377117558141,0.0,0.0,0,3,0.00034397508470232566,3
650,Abhishek9639,0.0008599377117558141,0.0,0.0,0,2,0.00034397508470232566,2
651,meghanmane84,0.0008599377117558141,0.0,0.0,0,2,0.00034397508470232566,2
652,prgyn8,0.0008599377117558141,0.0,0.0,0,3,0.00034397508470232566,2
653,mr-c,0.0008599377117558141,0.0,0.0,0,2,0.00034397508470232566,2
654,myenugula,0.0008599377117558141,0.0,0.0,0,3,0.00034397508470232566,3
655,natmokval,0.0008599377117558141,0.0,0.0,0,3,0.00034397508470232566,3
656,Aishwarya0811,0.0008599377117558141,0.0,0.0,0,3,0.00034397508470232566,2
657,nithish-74,0.0008599377117558141,0.0,0.0,0,8,0.00034397508470232566,4
658,nithish08,0.0008599377117558141,0.0,0.0,0,2,0.00034397508470232566,2
659,kaekkr,0.0008599377117558141,0.0,0.0,0,6,0.00034397508470232566,4
660,pedroL0pes,0.0008599377117558141,0.0,0.0,0,2,0.00034397508470232566,2
661,punndcoder28,0.0008599377117558141,0.0,0.0,0,3,0.00034397508470232566,2
662,sridharbalamurugan,0.0008599377117558141,0.0,0.0,0,2,0.00034397508470232566,2
663,rprkh,0.0008599377117558141,0.0,0.0,0,10,0.00034397508470232566,5
664,sqali,0.0008599377117558141,0.0,0.0,0,6,0.00034397508470232566,5
665,sirzechs66,0.0008599377117558141,0.0,0.0,0,2,0.00034397508470232566,2
666,shivamchhuneja,0.0008599377117558141,0.0,0.0,0,3,0.00034397508470232566,3
667,seberg,0.0008599377117558141,0.0,0.0,0,5,0.00034397508470232566,5
668,scoder,0.0008599377117558141,0.0,0.0,0,2,0.00034397508470232566,2
669,samruddhibaviskar11,0.0008599377117558141,0.0,0.0,0,2,0.00034397508470232566,2
670,rth,0.0008599377117558141,0.0,0.0,0,2,0.00034397508470232566,2
671,rohnsha0,0.0008599377117558141,0.0,0.0,0,2,0.00034397508470232566,2
672,pushkar-hue,0.0008599377117558141,0.0,0.0,0,2,0.00034397508470232566,2
673,rohandhar6824-debug,0.0008599377117558141,0.0,0.0,0,2,0.00034397508470232566,2
674,rgommers,0.0008599377117558141,0.0,0.0,0,7,0.00034397508470232566,5
675,repeating,0.0008599377117558141,0.0,0.0,0,4,0.00034397508470232566,2
676,raviteja-ganta,0.0008599377117558141,0.0,0.0,0,2,0.00034397508470232566,2
677,rand0wn,0.0008599377117558141,0.0,0.0,0,2,0.00034397508470232566,2
678,Anarion-zuo,0.0008599377117558141,0.0,0.0,0,2,0.00034397508470232566,2
679,raj-pulapakura,0.0008599377117558141,0.0,0.0,0,3,0.00034397508470232566,2
680,Yashp002,0.0008599377117558141,0.0,0.0,0,2,0.00034397508470232566,2
681,EvMossan,0.0008599377117558141,0.0,0.0,0,2,0.00034397508470232566,2
682,jun-shibata,0.0008599377117558141,0.0,0.0,0,2,0.00034397508470232566,2
683,julian-8897,0.0008599377117558141,0.0,0.0,0,2,0.00034397508470232566,1
684,Pakhi424,0.0008599377117558141,0.0,0.0,0,2,0.00034397508470232566,2
685,OmarManzoor,0.0008599377117558141,0.0,0.0,0,10,0.00034397508470232566,7
686,Nithurshen,0.0008599377117558141,0.0,0.0,0,3,0.00034397508470232566,2
687,Nithishkaranam2002,0.0008599377117558141,0.0,0.0,0,2,0.00034397508470232566,2
688,NandiniDhanrale,0.0008599377117558141,0.0,0.0,0,2,0.00034397508470232566,2
689,Namit24,0.0008599377117558141,0.0,0.0,0,3,0.00034397508470232566,2
690,Muwinuddin,0.0008599377117558141,0.0,0.0,0,1,0.00034397508470232566,1
691,Mohataseem89,0.0008599377117558141,0.0,0.0,0,2,0.00034397508470232566,2
692,aflanders7,0.0008599377117558141,0.0,0.0,0,2,0.00034397508470232566,2
693,agramfort,0.0008599377117558141,0.0,0.0,0,7,0.00034397508470232566,3
694,agriyakhetarpal,0.0008599377117558141,0.0,0.0,0,3,0.00034397508470232566,3
695,MiguelParece,0.0008599377117558141,0.0,0.0,0,2,0.00034397508470232566,2
696,allmight05,0.0008599377117558141,0.0,0.0,0,2,0.00034397508470232566,2
697,benjaminrbremer,0.0008599377117558141,0.0,0.0,0,2,0.00034397508470232566,2
698,Meddhif13,0.0008599377117558141,0.0,0.0,0,2,0.00034397508470232566,2
699,MagicDake,0.0008599377117558141,0.0,0.0,0,2,0.00034397508470232566,2
700,Maddouchhamza,0.0008599377117558141,0.0,0.0,0,2,0.00034397508470232566,2
701,MAUK9086,0.0008599377117558141,0.0,0.0,0,6,0.00034397508470232566,4
702,Luis-Varona,0.0008599377117558141,0.0,0.0,0,2,0.00034397508470232566,2
703,PaulOberg1,0.0008599377117558141,0.0,0.0,0,4,0.00034397508470232566,4
704,Rachit23110261,0.0008599377117558141,0.0,0.0,0,3,0.00034397508470232566,2
705,Ravichandranayakar,0.0008599377117558141,0.0,0.0,0,5,0.00034397508470232566,3
706,adina8244,0.0008599377117558141,0.0,0.0,0,2,0.00034397508470232566,2
707,Whatsonyourmind,0.0008599377117558141,0.0,0.0,0,3,0.00034397508470232566,2
708,Vishal-sys-code,0.0008599377117558141,0.0,0.0,0,2,0.00034397508470232566,2
709,VirenPassi,0.0008599377117558141,0.0,0.0,0,2,0.00034397508470232566,2
710,VanshD-7657,0.0008599377117558141,0.0,0.0,0,3,0.00034397508470232566,2
711,VadisettyRahul,0.0008599377117558141,0.0,0.0,0,3,0.00034397508470232566,3
712,Tunahanyrd,0.0008599377117558141,0.0,0.0,0,2,0.00034397508470232566,2
713,Toshaksha,0.0008599377117558141,0.0,0.0,0,2,0.00034397508470232566,2
714,TobyB1702,0.0008599377117558141,0.0,0.0,0,2,0.00034397508470232566,2
715,StunningShield4504,0.0008599377117558141,0.0,0.0,0,3,0.00034397508470232566,3
716,Sarthakpurii,0.0008599377117558141,0.0,0.0,0,2,0.00034397508470232566,2
717,SrushtikShetty,0.0008599377117558141,0.0,0.0,0,2,0.00034397508470232566,2
718,Sourabh-Kumar7,0.0008599377117558141,0.0,0.0,0,1,0.00034397508470232566,1
719,Snerdify,0.0008599377117558141,0.0,0.0,0,3,0.00034397508470232566,3
720,Siddharth-Latthe-07,0.0008599377117558141,0.0,0.0,0,5,0.00034397508470232566,3
721,SiL3nTL00p,0.0008599377117558141,0.0,0.0,0,2,0.00034397508470232566,2
722,Shyanil,0.0008599377117558141,0.0,0.0,0,3,0.00034397508470232566,2
723,Shreesha3112,0.0008599377117558141,0.0,0.0,0,11,0.00034397508470232566,4
724,Sean-Jay-M,0.0008599377117558141,0.0,0.0,0,3,0.00034397508470232566,2
725,KoolDrip,0.0008599377117558141,0.0,0.0,0,5,0.00034397508470232566,4
726,Kaustbh,0.0008599377117558141,0.0,0.0,0,4,0.00034397508470232566,3
727,KartikeyBartwal,0.0008599377117558141,0.0,0.0,0,5,0.00034397508470232566,3
728,hoipranav,0.0008599377117558141,0.0,0.0,0,5,0.00034397508470232566,4
729,DanieSimonlLowe,0.0008599377117558141,0.0,0.0,0,2,0.00034397508470232566,2
730,Dalesrox,0.0008599377117558141,0.0,0.0,0,2,0.00034397508470232566,2
731,Br1an67,0.0008599377117558141,0.0,0.0,0,2,0.00034397508470232566,2
732,AyushChauhan-ui,0.0008599377117558141,0.0,0.0,0,3,0.00034397508470232566,2
733,greyisbetter,0.0008599377117558141,0.0,0.0,0,5,0.00034397508470232566,4
734,guilhermecsnpeixoto,0.0008599377117558141,0.0,0.0,0,3,0.00034397508470232566,2
735,gunsodo,0.0008599377117558141,0.0,0.0,0,2,0.00034397508470232566,2
736,hammad7,0.0008599377117558141,0.0,0.0,0,4,0.00034397508470232566,2
737,hugoboulenger,0.0008599377117558141,0.0,0.0,0,2,0.00034397508470232566,2
738,DuarteSJ,0.0008599377117558141,0.0,0.0,0,2,0.00034397508470232566,2
739,ilayn,0.0008599377117558141,0.0,0.0,0,2,0.00034397508470232566,2
740,jatindyerawadekar,0.0008599377117558141,0.0,0.0,0,2,0.00034397508470232566,2
741,Anushka-google,0.0008599377117558141,0.0,0.0,0,2,0.00034397508470232566,2
742,jnothman,0.0008599377117558141,0.0,0.0,0,2,0.00034397508470232566,2
743,joaquinvanschoren,0.0008599377117558141,0.0,0.0,0,2,0.00034397508470232566,2
744,joshuahedlund,0.0008599377117558141,0.0,0.0,0,2,0.00034397508470232566,2
745,jpangas,0.0008599377117558141,0.0,0.0,0,2,0.00034397508470232566,2
746,jpienaar-tuks,0.0008599377117558141,0.0,0.0,0,2,0.00034397508470232566,2
747,DhmhtrhsPakakis,0.0008599377117558141,0.0,0.0,0,2,0.00034397508470232566,2
748,EdenRochmanSharabi,0.0008599377117558141,0.0,0.0,0,4,0.00034397508470232566,3
749,JhonatanFelix,0.0008599377117558141,0.0,0.0,0,2,0.00034397508470232566,2
750,devasadhu,0.0008599377117558141,0.0,0.0,0,2,0.00034397508470232566,2
751,JakobBull,0.0008599377117558141,0.0,0.0,0,2,0.00034397508470232566,2
752,Jaimin020,0.0008599377117558141,0.0,0.0,0,2,0.00034397508470232566,2
753,bharatr21,0.0008599377117558141,0.0,0.0,0,3,0.00034397508470232566,3
754,brendanlu,0.0008599377117558141,0.0,0.0,0,2,0.00034397508470232566,2
755,HussainAther,0.0008599377117558141,0.0,0.0,0,2,0.00034397508470232566,2
756,Higgs32584,0.0008599377117558141,0.0,0.0,0,7,0.00034397508470232566,4
757,daustria,0.0008599377117558141,0.0,0.0,0,4,0.00034397508470232566,4
758,Ganasekhar-gif,0.0008599377117558141,0.0,0.0,0,3,0.00034397508470232566,3
759,doshi-kevin,0.0008599377117558141,0.0,0.0,0,2,0.00034397508470232566,2
760,EmilyXinyi,0.0008599377117558141,0.0,0.0,0,4,0.00034397508470232566,3
761,FrancoisPgm,0.0008599377117558141,0.0,0.0,0,4,0.00034397508470232566,3
762,e-pet,0.0008599377117558141,0.0,0.0,0,2,0.00034397508470232566,2
763,emma-carballal,0.0008599377117558141,0.0,0.0,0,2,0.00034397508470232566,2
764,Fazel94,0.0008599377117558141,0.0,0.0,0,2,0.00034397508470232566,2
765,fkdosilovic,0.0008599377117558141,0.0,0.0,0,4,0.00034397508470232566,3
766,francoisgoupil,0.0008599377117558141,0.0,0.0,0,3,0.00034397508470232566,2
767,gdacciaro,0.0008599377117558141,0.0,0.0,0,3,0.00034397508470232566,3
768,EngineerDanny,0.0008599377117558141,0.0,0.0,0,2,0.00034397508470232566,2
769,yuriautsumi,0.0008599377117558141,0.0,0.0,0,2,0.00034397508470232566,2
